-- phpMyAdmin SQL Dump
-- version 5.2.0
-- https://www.phpmyadmin.net/
--
-- Host: 127.0.0.1
-- Waktu pembuatan: 18 Nov 2023 pada 03.06
-- Versi server: 10.4.27-MariaDB
-- Versi PHP: 8.1.12

SET SQL_MODE = "NO_AUTO_VALUE_ON_ZERO";
START TRANSACTION;
SET time_zone = "+00:00";


/*!40101 SET @OLD_CHARACTER_SET_CLIENT=@@CHARACTER_SET_CLIENT */;
/*!40101 SET @OLD_CHARACTER_SET_RESULTS=@@CHARACTER_SET_RESULTS */;
/*!40101 SET @OLD_COLLATION_CONNECTION=@@COLLATION_CONNECTION */;
/*!40101 SET NAMES utf8mb4 */;

--
-- Database: `digiroom`
--

-- --------------------------------------------------------

--
-- Struktur dari tabel `anggota_kelompok_masyarakat_tanis`
--

CREATE TABLE `anggota_kelompok_masyarakat_tanis` (
  `id` bigint(20) UNSIGNED NOT NULL,
  `kmt_id` bigint(20) UNSIGNED NOT NULL,
  `nama` varchar(255) NOT NULL,
  `jenis_kelamin` varchar(255) DEFAULT NULL,
  `alamat` varchar(255) DEFAULT NULL,
  `created_at` timestamp NULL DEFAULT NULL,
  `updated_at` timestamp NULL DEFAULT NULL
) ENGINE=InnoDB DEFAULT CHARSET=utf8mb4 COLLATE=utf8mb4_unicode_ci;

-- --------------------------------------------------------

--
-- Struktur dari tabel `desas`
--

CREATE TABLE `desas` (
  `id` bigint(20) UNSIGNED NOT NULL,
  `kecamatan_id` bigint(20) UNSIGNED NOT NULL,
  `name` varchar(255) NOT NULL,
  `luas` varchar(255) DEFAULT NULL,
  `lurah` varchar(255) DEFAULT NULL,
  `alamat_lurah` text DEFAULT NULL,
  `nip` varchar(255) DEFAULT NULL,
  `telp_lurah` varchar(255) DEFAULT NULL,
  `foto` varchar(255) DEFAULT NULL,
  `created_at` timestamp NULL DEFAULT NULL,
  `updated_at` timestamp NULL DEFAULT NULL
) ENGINE=InnoDB DEFAULT CHARSET=utf8mb4 COLLATE=utf8mb4_unicode_ci;

--
-- Dumping data untuk tabel `desas`
--

INSERT INTO `desas` (`id`, `kecamatan_id`, `name`, `luas`, `lurah`, `alamat_lurah`, `nip`, `telp_lurah`, `foto`, `created_at`, `updated_at`) VALUES
(1, 1, 'BABADAN', NULL, NULL, NULL, NULL, NULL, NULL, NULL, NULL),
(2, 1, 'BARENG', NULL, NULL, NULL, NULL, NULL, NULL, NULL, NULL),
(3, 1, 'CEKOK', NULL, NULL, NULL, NULL, NULL, NULL, NULL, NULL),
(4, 1, 'GUPOLO', NULL, NULL, NULL, NULL, NULL, NULL, NULL, NULL),
(5, 1, 'JAPAN', NULL, NULL, NULL, NULL, NULL, NULL, NULL, NULL),
(6, 1, 'KADIPATEN', NULL, NULL, NULL, NULL, NULL, NULL, NULL, NULL),
(7, 1, 'KERTOSARI', NULL, NULL, NULL, NULL, NULL, NULL, NULL, NULL),
(8, 1, 'LEMBAH', NULL, NULL, NULL, NULL, NULL, NULL, NULL, NULL),
(9, 1, 'NGUNUT', NULL, NULL, NULL, NULL, NULL, NULL, NULL, NULL),
(10, 1, 'PATIHAN WETAN', NULL, NULL, NULL, NULL, NULL, NULL, NULL, NULL),
(11, 1, 'POLOREJO', NULL, NULL, NULL, NULL, NULL, NULL, NULL, NULL),
(12, 1, 'PONDOK', NULL, NULL, NULL, NULL, NULL, NULL, NULL, NULL),
(13, 1, 'PURWOSARI', NULL, NULL, NULL, NULL, NULL, NULL, NULL, NULL),
(14, 1, 'SUKOSARI', NULL, NULL, NULL, NULL, NULL, NULL, NULL, NULL),
(15, 1, 'TRISONO', NULL, NULL, NULL, NULL, NULL, NULL, NULL, NULL),
(16, 2, 'BADEGAN', NULL, NULL, NULL, NULL, NULL, NULL, NULL, NULL),
(17, 2, 'BANDARALIM', NULL, NULL, NULL, NULL, NULL, NULL, NULL, NULL),
(18, 2, 'BITING', NULL, NULL, NULL, NULL, NULL, NULL, NULL, NULL),
(19, 2, 'DAYAKAN', NULL, NULL, NULL, NULL, NULL, NULL, NULL, NULL),
(20, 2, 'KAPURAN', NULL, NULL, NULL, NULL, NULL, NULL, NULL, NULL),
(21, 2, 'KARANGAN', NULL, NULL, NULL, NULL, NULL, NULL, NULL, NULL),
(22, 2, 'KARANGJOHO', NULL, NULL, NULL, NULL, NULL, NULL, NULL, NULL),
(23, 2, 'TANJUNGGUNUNG', NULL, NULL, NULL, NULL, NULL, NULL, NULL, NULL),
(24, 2, 'TANJUNGREJO', NULL, NULL, NULL, NULL, NULL, NULL, NULL, NULL),
(25, 2, 'WATUBONANG', NULL, NULL, NULL, NULL, NULL, NULL, NULL, NULL),
(26, 3, 'BAJANG', NULL, NULL, NULL, NULL, NULL, NULL, NULL, NULL),
(27, 3, 'BALONG', NULL, NULL, NULL, NULL, NULL, NULL, NULL, NULL),
(28, 3, 'BULAK', NULL, NULL, NULL, NULL, NULL, NULL, NULL, NULL),
(29, 3, 'BULU KIDUL', NULL, NULL, NULL, NULL, NULL, NULL, NULL, NULL),
(30, 3, 'DADAPAN', NULL, NULL, NULL, NULL, NULL, NULL, NULL, NULL),
(31, 3, 'JALEN', NULL, NULL, NULL, NULL, NULL, NULL, NULL, NULL),
(32, 3, 'KARANGAN', NULL, NULL, NULL, NULL, NULL, NULL, NULL, NULL),
(33, 3, 'KARANGMOJO', NULL, NULL, NULL, NULL, NULL, NULL, NULL, NULL),
(34, 3, 'KARANGPATIHAN', NULL, NULL, NULL, NULL, NULL, NULL, NULL, NULL),
(35, 3, 'MUNENG', NULL, NULL, NULL, NULL, NULL, NULL, NULL, NULL),
(36, 3, 'NGAMPEL', NULL, NULL, NULL, NULL, NULL, NULL, NULL, NULL),
(37, 3, 'NGENDUT', NULL, NULL, NULL, NULL, NULL, NULL, NULL, NULL),
(38, 3, 'NGRAKET', NULL, NULL, NULL, NULL, NULL, NULL, NULL, NULL),
(39, 3, 'NGUMPUL', NULL, NULL, NULL, NULL, NULL, NULL, NULL, NULL),
(40, 3, 'PANDAK', NULL, NULL, NULL, NULL, NULL, NULL, NULL, NULL),
(41, 3, 'PURWOREJO', NULL, NULL, NULL, NULL, NULL, NULL, NULL, NULL),
(42, 3, 'SEDARAT', NULL, NULL, NULL, NULL, NULL, NULL, NULL, NULL),
(43, 3, 'SINGKIL', NULL, NULL, NULL, NULL, NULL, NULL, NULL, NULL),
(44, 3, 'SUMBEREJO', NULL, NULL, NULL, NULL, NULL, NULL, NULL, NULL),
(45, 3, 'TATUNG', NULL, NULL, NULL, NULL, NULL, NULL, NULL, NULL),
(46, 4, 'BANCAR', NULL, NULL, NULL, NULL, NULL, NULL, NULL, NULL),
(47, 4, 'BEDIKULON', NULL, NULL, NULL, NULL, NULL, NULL, NULL, NULL),
(48, 4, 'BEDIWETAN', NULL, NULL, NULL, NULL, NULL, NULL, NULL, NULL),
(49, 4, 'BEKARE', NULL, NULL, NULL, NULL, NULL, NULL, NULL, NULL),
(50, 4, 'BELANG', NULL, NULL, NULL, NULL, NULL, NULL, NULL, NULL),
(51, 4, 'BUNGKAL', NULL, NULL, NULL, NULL, NULL, NULL, NULL, NULL),
(52, 4, 'BUNGU', NULL, NULL, NULL, NULL, NULL, NULL, NULL, NULL),
(53, 4, 'KALISAT', NULL, NULL, NULL, NULL, NULL, NULL, NULL, NULL),
(54, 4, 'KETONGGO', NULL, NULL, NULL, NULL, NULL, NULL, NULL, NULL),
(55, 4, 'KORIPAN', NULL, NULL, NULL, NULL, NULL, NULL, NULL, NULL),
(56, 4, 'KUNTI', NULL, NULL, NULL, NULL, NULL, NULL, NULL, NULL),
(57, 4, 'KUPUK', NULL, NULL, NULL, NULL, NULL, NULL, NULL, NULL),
(58, 4, 'KWAJON', NULL, NULL, NULL, NULL, NULL, NULL, NULL, NULL),
(59, 4, 'MUNGGU', NULL, NULL, NULL, NULL, NULL, NULL, NULL, NULL),
(60, 4, 'NAMBAK', NULL, NULL, NULL, NULL, NULL, NULL, NULL, NULL),
(61, 4, 'PADAS', NULL, NULL, NULL, NULL, NULL, NULL, NULL, NULL),
(62, 4, 'PAGER', NULL, NULL, NULL, NULL, NULL, NULL, NULL, NULL),
(63, 4, 'PELEM', NULL, NULL, NULL, NULL, NULL, NULL, NULL, NULL),
(64, 4, 'SAMBILAWANG', NULL, NULL, NULL, NULL, NULL, NULL, NULL, NULL),
(65, 5, 'BLEMBEM', NULL, NULL, NULL, NULL, NULL, NULL, NULL, NULL),
(66, 5, 'BRINGINAN', NULL, NULL, NULL, NULL, NULL, NULL, NULL, NULL),
(67, 5, 'BULU LOR', NULL, NULL, NULL, NULL, NULL, NULL, NULL, NULL),
(68, 5, 'JAMBON', NULL, NULL, NULL, NULL, NULL, NULL, NULL, NULL),
(69, 5, 'JONGGOL', NULL, NULL, NULL, NULL, NULL, NULL, NULL, NULL),
(70, 5, 'KARANGLO  KIDUL', NULL, NULL, NULL, NULL, NULL, NULL, NULL, NULL),
(71, 5, 'KREBET', NULL, NULL, NULL, NULL, NULL, NULL, NULL, NULL),
(72, 5, 'MENANG', NULL, NULL, NULL, NULL, NULL, NULL, NULL, NULL),
(73, 5, 'POKO', NULL, NULL, NULL, NULL, NULL, NULL, NULL, NULL),
(74, 5, 'PULOSARI', NULL, NULL, NULL, NULL, NULL, NULL, NULL, NULL),
(75, 5, 'SENDANG', NULL, NULL, NULL, NULL, NULL, NULL, NULL, NULL),
(76, 5, 'SIDOHARJO', NULL, NULL, NULL, NULL, NULL, NULL, NULL, NULL),
(77, 5, 'SRANDIL', NULL, NULL, NULL, NULL, NULL, NULL, NULL, NULL),
(78, 6, 'JENANGAN', NULL, NULL, NULL, NULL, NULL, NULL, NULL, NULL),
(79, 6, 'JIMBE', NULL, NULL, NULL, NULL, NULL, NULL, NULL, NULL),
(80, 6, 'KEMIRI', NULL, NULL, NULL, NULL, NULL, NULL, NULL, NULL),
(81, 6, 'MRICAN', NULL, NULL, NULL, NULL, NULL, NULL, NULL, NULL),
(82, 6, 'NGLAYANG', NULL, NULL, NULL, NULL, NULL, NULL, NULL, NULL),
(83, 6, 'NGRUPIT', NULL, NULL, NULL, NULL, NULL, NULL, NULL, NULL),
(84, 6, 'PANJENG', NULL, NULL, NULL, NULL, NULL, NULL, NULL, NULL),
(85, 6, 'PARINGAN', NULL, NULL, NULL, NULL, NULL, NULL, NULL, NULL),
(86, 6, 'PINTU', NULL, NULL, NULL, NULL, NULL, NULL, NULL, NULL),
(87, 6, 'PLALANGAN', NULL, NULL, NULL, NULL, NULL, NULL, NULL, NULL),
(88, 6, 'SEDAH', NULL, NULL, NULL, NULL, NULL, NULL, NULL, NULL),
(89, 6, 'SEMANDING', NULL, NULL, NULL, NULL, NULL, NULL, NULL, NULL),
(90, 6, 'SETONO', NULL, NULL, NULL, NULL, NULL, NULL, NULL, NULL),
(91, 6, 'SINGOSAREN', NULL, NULL, NULL, NULL, NULL, NULL, NULL, NULL),
(92, 6, 'SRATEN', NULL, NULL, NULL, NULL, NULL, NULL, NULL, NULL),
(93, 6, 'TANJUNGSARI', NULL, NULL, NULL, NULL, NULL, NULL, NULL, NULL),
(94, 6, 'WATES', NULL, NULL, NULL, NULL, NULL, NULL, NULL, NULL),
(95, 7, 'COPER', NULL, NULL, NULL, NULL, NULL, NULL, NULL, NULL),
(96, 7, 'JETIS', NULL, NULL, NULL, NULL, NULL, NULL, NULL, NULL),
(97, 7, 'JOSARI', NULL, NULL, NULL, NULL, NULL, NULL, NULL, NULL),
(98, 7, 'KARANGGEBANG', NULL, NULL, NULL, NULL, NULL, NULL, NULL, NULL),
(99, 7, 'KRADENAN', NULL, NULL, NULL, NULL, NULL, NULL, NULL, NULL),
(100, 7, 'KUTU KULON', NULL, NULL, NULL, NULL, NULL, NULL, NULL, NULL),
(101, 7, 'KUTU WETAN', NULL, NULL, NULL, NULL, NULL, NULL, NULL, NULL),
(102, 7, 'MOJOMATI', NULL, NULL, NULL, NULL, NULL, NULL, NULL, NULL),
(103, 7, 'MOJOREJO', NULL, NULL, NULL, NULL, NULL, NULL, NULL, NULL),
(104, 7, 'NGASINAN', NULL, NULL, NULL, NULL, NULL, NULL, NULL, NULL),
(105, 7, 'TEGALSARI', NULL, NULL, NULL, NULL, NULL, NULL, NULL, NULL),
(106, 7, 'TURI', NULL, NULL, NULL, NULL, NULL, NULL, NULL, NULL),
(107, 7, 'WINONG', NULL, NULL, NULL, NULL, NULL, NULL, NULL, NULL),
(108, 7, 'WONOKETRO', NULL, NULL, NULL, NULL, NULL, NULL, NULL, NULL),
(109, 8, 'BRINGIN', NULL, NULL, NULL, NULL, NULL, NULL, NULL, NULL),
(110, 8, 'CARAT', NULL, NULL, NULL, NULL, NULL, NULL, NULL, NULL),
(111, 8, 'CILUK', NULL, NULL, NULL, NULL, NULL, NULL, NULL, NULL),
(112, 8, 'GABEL', NULL, NULL, NULL, NULL, NULL, NULL, NULL, NULL),
(113, 8, 'KAUMAN', NULL, NULL, NULL, NULL, NULL, NULL, NULL, NULL),
(114, 8, 'MARON', NULL, NULL, NULL, NULL, NULL, NULL, NULL, NULL),
(115, 8, 'NGLARANGAN', NULL, NULL, NULL, NULL, NULL, NULL, NULL, NULL),
(116, 8, 'NGRANDU', NULL, NULL, NULL, NULL, NULL, NULL, NULL, NULL),
(117, 8, 'NONGKODONO', NULL, NULL, NULL, NULL, NULL, NULL, NULL, NULL),
(118, 8, 'PENGKOL', NULL, NULL, NULL, NULL, NULL, NULL, NULL, NULL),
(119, 8, 'PLOSOJENAR', NULL, NULL, NULL, NULL, NULL, NULL, NULL, NULL),
(120, 8, 'SEMANDING', NULL, NULL, NULL, NULL, NULL, NULL, NULL, NULL),
(121, 8, 'SOMOROTO', NULL, NULL, NULL, NULL, NULL, NULL, NULL, NULL),
(122, 8, 'SUKOSARI', NULL, NULL, NULL, NULL, NULL, NULL, NULL, NULL),
(123, 8, 'TEGALOMBO', NULL, NULL, NULL, NULL, NULL, NULL, NULL, NULL),
(124, 8, 'TOSANAN', NULL, NULL, NULL, NULL, NULL, NULL, NULL, NULL),
(125, 9, 'BAJANG', NULL, NULL, NULL, NULL, NULL, NULL, NULL, NULL),
(126, 9, 'CANDI', NULL, NULL, NULL, NULL, NULL, NULL, NULL, NULL),
(127, 9, 'GANDU', NULL, NULL, NULL, NULL, NULL, NULL, NULL, NULL),
(128, 9, 'GONTOR', NULL, NULL, NULL, NULL, NULL, NULL, NULL, NULL),
(129, 9, 'JABUNG', NULL, NULL, NULL, NULL, NULL, NULL, NULL, NULL),
(130, 9, 'JORESAN', NULL, NULL, NULL, NULL, NULL, NULL, NULL, NULL),
(131, 9, 'KAPONAN', NULL, NULL, NULL, NULL, NULL, NULL, NULL, NULL),
(132, 9, 'MLARAK', NULL, NULL, NULL, NULL, NULL, NULL, NULL, NULL),
(133, 9, 'NGLUMPANG', NULL, NULL, NULL, NULL, NULL, NULL, NULL, NULL),
(134, 9, 'NGRUKEM', NULL, NULL, NULL, NULL, NULL, NULL, NULL, NULL),
(135, 9, 'SERANGAN', NULL, NULL, NULL, NULL, NULL, NULL, NULL, NULL),
(136, 9, 'SIWALAN', NULL, NULL, NULL, NULL, NULL, NULL, NULL, NULL),
(137, 9, 'SUREN', NULL, NULL, NULL, NULL, NULL, NULL, NULL, NULL),
(138, 9, 'TOTOKAN', NULL, NULL, NULL, NULL, NULL, NULL, NULL, NULL),
(139, 9, 'TUGU', NULL, NULL, NULL, NULL, NULL, NULL, NULL, NULL),
(140, 10, 'GONDOWIDO', NULL, NULL, NULL, NULL, NULL, NULL, NULL, NULL),
(141, 10, 'NGEBEL', NULL, NULL, NULL, NULL, NULL, NULL, NULL, NULL),
(142, 10, 'NGROGUNG', NULL, NULL, NULL, NULL, NULL, NULL, NULL, NULL),
(143, 10, 'PUPUS', NULL, NULL, NULL, NULL, NULL, NULL, NULL, NULL),
(144, 10, 'SAHANG', NULL, NULL, NULL, NULL, NULL, NULL, NULL, NULL),
(145, 10, 'SEMPU', NULL, NULL, NULL, NULL, NULL, NULL, NULL, NULL),
(146, 10, 'TALUN', NULL, NULL, NULL, NULL, NULL, NULL, NULL, NULL),
(147, 10, 'WAGIR LOR', NULL, NULL, NULL, NULL, NULL, NULL, NULL, NULL),
(148, 11, 'BAOSAN KIDUL', NULL, NULL, NULL, NULL, NULL, NULL, NULL, NULL),
(149, 11, 'BAOSAN LOR', NULL, NULL, NULL, NULL, NULL, NULL, NULL, NULL),
(150, 11, 'BINADE', NULL, NULL, NULL, NULL, NULL, NULL, NULL, NULL),
(151, 11, 'CEPOKO', NULL, NULL, NULL, NULL, NULL, NULL, NULL, NULL),
(152, 11, 'GEDANGAN', NULL, NULL, NULL, NULL, NULL, NULL, NULL, NULL),
(153, 11, 'MRAYAN', NULL, NULL, NULL, NULL, NULL, NULL, NULL, NULL),
(154, 11, 'NGRAYUN', NULL, NULL, NULL, NULL, NULL, NULL, NULL, NULL),
(155, 11, 'SELUR', NULL, NULL, NULL, NULL, NULL, NULL, NULL, NULL),
(156, 11, 'SENDANG', NULL, NULL, NULL, NULL, NULL, NULL, NULL, NULL),
(157, 11, 'TEMON', NULL, NULL, NULL, NULL, NULL, NULL, NULL, NULL),
(158, 11, 'WONODADI', NULL, NULL, NULL, NULL, NULL, NULL, NULL, NULL),
(159, 12, 'BANGUNSARI', NULL, NULL, NULL, NULL, NULL, NULL, NULL, NULL),
(160, 12, 'BANYUDONO', NULL, NULL, NULL, NULL, NULL, NULL, NULL, NULL),
(161, 12, 'BEDURI', NULL, NULL, NULL, NULL, NULL, NULL, NULL, NULL),
(162, 12, 'BROTONEGARAN', NULL, NULL, NULL, NULL, NULL, NULL, NULL, NULL),
(163, 12, 'COKROMENGGALAN', NULL, NULL, NULL, NULL, NULL, NULL, NULL, NULL),
(164, 12, 'JINGGLONG', NULL, NULL, NULL, NULL, NULL, NULL, NULL, NULL),
(165, 12, 'KAUMAN', NULL, NULL, NULL, NULL, NULL, NULL, NULL, NULL),
(166, 12, 'KENITEN', NULL, NULL, NULL, NULL, NULL, NULL, NULL, NULL),
(167, 12, 'KEPATIHAN', NULL, NULL, NULL, NULL, NULL, NULL, NULL, NULL),
(168, 12, 'MANGKUJAYAN', NULL, NULL, NULL, NULL, NULL, NULL, NULL, NULL),
(169, 12, 'NOLOGATEN', NULL, NULL, NULL, NULL, NULL, NULL, NULL, NULL),
(170, 12, 'PAJU', NULL, NULL, NULL, NULL, NULL, NULL, NULL, NULL),
(171, 12, 'PAKUNDEN', NULL, NULL, NULL, NULL, NULL, NULL, NULL, NULL),
(172, 12, 'PINGGIRSARI', NULL, NULL, NULL, NULL, NULL, NULL, NULL, NULL),
(173, 12, 'PURBOSUMAN', NULL, NULL, NULL, NULL, NULL, NULL, NULL, NULL),
(174, 12, 'SURODIKRAMAN', NULL, NULL, NULL, NULL, NULL, NULL, NULL, NULL),
(175, 12, 'TAMANARUM', NULL, NULL, NULL, NULL, NULL, NULL, NULL, NULL),
(176, 12, 'TAMBAKBAYAN', NULL, NULL, NULL, NULL, NULL, NULL, NULL, NULL),
(177, 12, 'TONATAN', NULL, NULL, NULL, NULL, NULL, NULL, NULL, NULL),
(178, 13, 'BANJAREJO', NULL, NULL, NULL, NULL, NULL, NULL, NULL, NULL),
(179, 13, 'BARENG', NULL, NULL, NULL, NULL, NULL, NULL, NULL, NULL),
(180, 13, 'KRISIK', NULL, NULL, NULL, NULL, NULL, NULL, NULL, NULL),
(181, 13, 'PUDAK KULON', NULL, NULL, NULL, NULL, NULL, NULL, NULL, NULL),
(182, 13, 'PUDAK WETAN', NULL, NULL, NULL, NULL, NULL, NULL, NULL, NULL),
(183, 13, 'TAMBANG', NULL, NULL, NULL, NULL, NULL, NULL, NULL, NULL),
(184, 14, 'BANARAN', NULL, NULL, NULL, NULL, NULL, NULL, NULL, NULL),
(185, 14, 'BEDRUG', NULL, NULL, NULL, NULL, NULL, NULL, NULL, NULL),
(186, 14, 'BEKIRING', NULL, NULL, NULL, NULL, NULL, NULL, NULL, NULL),
(187, 14, 'KARANGPATIHAN', NULL, NULL, NULL, NULL, NULL, NULL, NULL, NULL),
(188, 14, 'KESUGIHAN', NULL, NULL, NULL, NULL, NULL, NULL, NULL, NULL),
(189, 14, 'MUNGGUNG', NULL, NULL, NULL, NULL, NULL, NULL, NULL, NULL),
(190, 14, 'PATIK', NULL, NULL, NULL, NULL, NULL, NULL, NULL, NULL),
(191, 14, 'PLUNTURAN', NULL, NULL, NULL, NULL, NULL, NULL, NULL, NULL),
(192, 14, 'POMAHAN', NULL, NULL, NULL, NULL, NULL, NULL, NULL, NULL),
(193, 14, 'PULUNG', NULL, NULL, NULL, NULL, NULL, NULL, NULL, NULL),
(194, 14, 'PULUNG MERDIKO', NULL, NULL, NULL, NULL, NULL, NULL, NULL, NULL),
(195, 14, 'SERAG', NULL, NULL, NULL, NULL, NULL, NULL, NULL, NULL),
(196, 14, 'SIDOHARJO', NULL, NULL, NULL, NULL, NULL, NULL, NULL, NULL),
(197, 14, 'SINGGAHAN', NULL, NULL, NULL, NULL, NULL, NULL, NULL, NULL),
(198, 14, 'TEGALREJO', NULL, NULL, NULL, NULL, NULL, NULL, NULL, NULL),
(199, 14, 'WAGIR KIDUL', NULL, NULL, NULL, NULL, NULL, NULL, NULL, NULL),
(200, 14, 'WAYANG', NULL, NULL, NULL, NULL, NULL, NULL, NULL, NULL),
(201, 14, 'WOTAN', NULL, NULL, NULL, NULL, NULL, NULL, NULL, NULL),
(202, 15, 'BANCANGAN', NULL, NULL, NULL, NULL, NULL, NULL, NULL, NULL),
(203, 15, 'BANGSALAN', NULL, NULL, NULL, NULL, NULL, NULL, NULL, NULL),
(204, 15, 'BEDINGIN', NULL, NULL, NULL, NULL, NULL, NULL, NULL, NULL),
(205, 15, 'BESUKI', NULL, NULL, NULL, NULL, NULL, NULL, NULL, NULL),
(206, 15, 'BULU', NULL, NULL, NULL, NULL, NULL, NULL, NULL, NULL),
(207, 15, 'CAMPUREJO', NULL, NULL, NULL, NULL, NULL, NULL, NULL, NULL),
(208, 15, 'CAMPURSARI', NULL, NULL, NULL, NULL, NULL, NULL, NULL, NULL),
(209, 15, 'GAJAH', NULL, NULL, NULL, NULL, NULL, NULL, NULL, NULL),
(210, 15, 'JRAKAH', NULL, NULL, NULL, NULL, NULL, NULL, NULL, NULL),
(211, 15, 'KEMUNING', NULL, NULL, NULL, NULL, NULL, NULL, NULL, NULL),
(212, 15, 'MAGUWAN', NULL, NULL, NULL, NULL, NULL, NULL, NULL, NULL),
(213, 15, 'NGADISANAN', NULL, NULL, NULL, NULL, NULL, NULL, NULL, NULL),
(214, 15, 'NGLEWAN', NULL, NULL, NULL, NULL, NULL, NULL, NULL, NULL),
(215, 15, 'SAMBIT', NULL, NULL, NULL, NULL, NULL, NULL, NULL, NULL),
(216, 15, 'WILANGAN', NULL, NULL, NULL, NULL, NULL, NULL, NULL, NULL),
(217, 15, 'WRINGINANOM', NULL, NULL, NULL, NULL, NULL, NULL, NULL, NULL),
(218, 16, 'CARANGREJO', NULL, NULL, NULL, NULL, NULL, NULL, NULL, NULL),
(219, 16, 'GELANGKULON', NULL, NULL, NULL, NULL, NULL, NULL, NULL, NULL),
(220, 16, 'GLINGGANG', NULL, NULL, NULL, NULL, NULL, NULL, NULL, NULL),
(221, 16, 'JENANGAN', NULL, NULL, NULL, NULL, NULL, NULL, NULL, NULL),
(222, 16, 'KARANGWALUH', NULL, NULL, NULL, NULL, NULL, NULL, NULL, NULL),
(223, 16, 'KUNTI', NULL, NULL, NULL, NULL, NULL, NULL, NULL, NULL),
(224, 16, 'NGLURUP', NULL, NULL, NULL, NULL, NULL, NULL, NULL, NULL),
(225, 16, 'PAGERUKIR', NULL, NULL, NULL, NULL, NULL, NULL, NULL, NULL),
(226, 16, 'POHIJO', NULL, NULL, NULL, NULL, NULL, NULL, NULL, NULL),
(227, 16, 'RINGINPUTIH', NULL, NULL, NULL, NULL, NULL, NULL, NULL, NULL),
(228, 16, 'SAMPUNG', NULL, NULL, NULL, NULL, NULL, NULL, NULL, NULL),
(229, 16, 'TULUNG', NULL, NULL, NULL, NULL, NULL, NULL, NULL, NULL),
(230, 17, 'BONDRANG', NULL, NULL, NULL, NULL, NULL, NULL, NULL, NULL),
(231, 17, 'BRAHU', NULL, NULL, NULL, NULL, NULL, NULL, NULL, NULL),
(232, 17, 'GROGOL', NULL, NULL, NULL, NULL, NULL, NULL, NULL, NULL),
(233, 17, 'KETRO', NULL, NULL, NULL, NULL, NULL, NULL, NULL, NULL),
(234, 17, 'KORI', NULL, NULL, NULL, NULL, NULL, NULL, NULL, NULL),
(235, 17, 'NGINDENG', NULL, NULL, NULL, NULL, NULL, NULL, NULL, NULL),
(236, 17, 'PANGKAL', NULL, NULL, NULL, NULL, NULL, NULL, NULL, NULL),
(237, 17, 'PRAYUNGAN', NULL, NULL, NULL, NULL, NULL, NULL, NULL, NULL),
(238, 17, 'SAWOO', NULL, NULL, NULL, NULL, NULL, NULL, NULL, NULL),
(239, 17, 'SRITI', NULL, NULL, NULL, NULL, NULL, NULL, NULL, NULL),
(240, 17, 'TEMON', NULL, NULL, NULL, NULL, NULL, NULL, NULL, NULL),
(241, 17, 'TEMPURAN', NULL, NULL, NULL, NULL, NULL, NULL, NULL, NULL),
(242, 17, 'TUMPAK PELEM', NULL, NULL, NULL, NULL, NULL, NULL, NULL, NULL),
(243, 17, 'TUMPUK', NULL, NULL, NULL, NULL, NULL, NULL, NULL, NULL),
(244, 18, 'BETON', NULL, NULL, NULL, NULL, NULL, NULL, NULL, NULL),
(245, 18, 'BRAHU', NULL, NULL, NULL, NULL, NULL, NULL, NULL, NULL),
(246, 18, 'DEMANGAN', NULL, NULL, NULL, NULL, NULL, NULL, NULL, NULL),
(247, 18, 'JARAK', NULL, NULL, NULL, NULL, NULL, NULL, NULL, NULL),
(248, 18, 'KEPUHRUBUH', NULL, NULL, NULL, NULL, NULL, NULL, NULL, NULL),
(249, 18, 'MADUSARI', NULL, NULL, NULL, NULL, NULL, NULL, NULL, NULL),
(250, 18, 'MANGUNSUMAN', NULL, NULL, NULL, NULL, NULL, NULL, NULL, NULL),
(251, 18, 'MANUK', NULL, NULL, NULL, NULL, NULL, NULL, NULL, NULL),
(252, 18, 'NGABAR', NULL, NULL, NULL, NULL, NULL, NULL, NULL, NULL),
(253, 18, 'PATIHAN KIDUL', NULL, NULL, NULL, NULL, NULL, NULL, NULL, NULL),
(254, 18, 'PIJERAN', NULL, NULL, NULL, NULL, NULL, NULL, NULL, NULL),
(255, 18, 'RONOSENTANAN', NULL, NULL, NULL, NULL, NULL, NULL, NULL, NULL),
(256, 18, 'RONOWIJAYAN', NULL, NULL, NULL, NULL, NULL, NULL, NULL, NULL),
(257, 18, 'SAWUH', NULL, NULL, NULL, NULL, NULL, NULL, NULL, NULL),
(258, 18, 'SEKARAN', NULL, NULL, NULL, NULL, NULL, NULL, NULL, NULL),
(259, 18, 'SIMAN', NULL, NULL, NULL, NULL, NULL, NULL, NULL, NULL),
(260, 18, 'TAJUG', NULL, NULL, NULL, NULL, NULL, NULL, NULL, NULL),
(261, 18, 'TRANJANG', NULL, NULL, NULL, NULL, NULL, NULL, NULL, NULL),
(262, 19, 'BROTO', NULL, NULL, NULL, NULL, NULL, NULL, NULL, NULL),
(263, 19, 'CALUK', NULL, NULL, NULL, NULL, NULL, NULL, NULL, NULL),
(264, 19, 'CRABAK', NULL, NULL, NULL, NULL, NULL, NULL, NULL, NULL),
(265, 19, 'DURI', NULL, NULL, NULL, NULL, NULL, NULL, NULL, NULL),
(266, 19, 'GALAK', NULL, NULL, NULL, NULL, NULL, NULL, NULL, NULL),
(267, 19, 'GOMBANG', NULL, NULL, NULL, NULL, NULL, NULL, NULL, NULL),
(268, 19, 'GUNDIK', NULL, NULL, NULL, NULL, NULL, NULL, NULL, NULL),
(269, 19, 'JANTI', NULL, NULL, NULL, NULL, NULL, NULL, NULL, NULL),
(270, 19, 'JEBENG', NULL, NULL, NULL, NULL, NULL, NULL, NULL, NULL),
(271, 19, 'KAMBENG', NULL, NULL, NULL, NULL, NULL, NULL, NULL, NULL),
(272, 19, 'MENGGARE', NULL, NULL, NULL, NULL, NULL, NULL, NULL, NULL),
(273, 19, 'MOJOPITU', NULL, NULL, NULL, NULL, NULL, NULL, NULL, NULL),
(274, 19, 'NAILAN', NULL, NULL, NULL, NULL, NULL, NULL, NULL, NULL),
(275, 19, 'NGILO-ILO', NULL, NULL, NULL, NULL, NULL, NULL, NULL, NULL),
(276, 19, 'NGLONING', NULL, NULL, NULL, NULL, NULL, NULL, NULL, NULL),
(277, 19, 'PLANCUNGAN', NULL, NULL, NULL, NULL, NULL, NULL, NULL, NULL),
(278, 19, 'SENEPO', NULL, NULL, NULL, NULL, NULL, NULL, NULL, NULL),
(279, 19, 'SIMO', NULL, NULL, NULL, NULL, NULL, NULL, NULL, NULL),
(280, 19, 'SLAHUNG', NULL, NULL, NULL, NULL, NULL, NULL, NULL, NULL),
(281, 19, 'TRUNENG', NULL, NULL, NULL, NULL, NULL, NULL, NULL, NULL),
(282, 19, 'TUGUREJO', NULL, NULL, NULL, NULL, NULL, NULL, NULL, NULL),
(283, 19, 'WATES', NULL, NULL, NULL, NULL, NULL, NULL, NULL, NULL),
(284, 20, 'BEDOHO', NULL, NULL, NULL, NULL, NULL, NULL, NULL, NULL),
(285, 20, 'JURUG', NULL, NULL, NULL, NULL, NULL, NULL, NULL, NULL),
(286, 20, 'KLEPU', NULL, NULL, NULL, NULL, NULL, NULL, NULL, NULL),
(287, 20, 'NGADIROJO', NULL, NULL, NULL, NULL, NULL, NULL, NULL, NULL),
(288, 20, 'SOOKO', NULL, NULL, NULL, NULL, NULL, NULL, NULL, NULL),
(289, 20, 'SURU', NULL, NULL, NULL, NULL, NULL, NULL, NULL, NULL),
(290, 21, 'BANGUNREJO', NULL, NULL, NULL, NULL, NULL, NULL, NULL, NULL),
(291, 21, 'GANDUKEPUH', NULL, NULL, NULL, NULL, NULL, NULL, NULL, NULL),
(292, 21, 'GEGERAN', NULL, NULL, NULL, NULL, NULL, NULL, NULL, NULL),
(293, 21, 'GELANG LOR', NULL, NULL, NULL, NULL, NULL, NULL, NULL, NULL),
(294, 21, 'GOLAN', NULL, NULL, NULL, NULL, NULL, NULL, NULL, NULL),
(295, 21, 'KALIMALANG', NULL, NULL, NULL, NULL, NULL, NULL, NULL, NULL),
(296, 21, 'KARANGLO  LOR', NULL, NULL, NULL, NULL, NULL, NULL, NULL, NULL),
(297, 21, 'KEDUNGBANTENG', NULL, NULL, NULL, NULL, NULL, NULL, NULL, NULL),
(298, 21, 'KRANGGAN', NULL, NULL, NULL, NULL, NULL, NULL, NULL, NULL),
(299, 21, 'LENGKONG', NULL, NULL, NULL, NULL, NULL, NULL, NULL, NULL),
(300, 21, 'MOROSARI', NULL, NULL, NULL, NULL, NULL, NULL, NULL, NULL),
(301, 21, 'NAMBANGREJO', NULL, NULL, NULL, NULL, NULL, NULL, NULL, NULL),
(302, 21, 'NAMPAN', NULL, NULL, NULL, NULL, NULL, NULL, NULL, NULL),
(303, 21, 'PRAJEGAN', NULL, NULL, NULL, NULL, NULL, NULL, NULL, NULL),
(304, 21, 'SERANGAN', NULL, NULL, NULL, NULL, NULL, NULL, NULL, NULL),
(305, 21, 'SIDOREJO', NULL, NULL, NULL, NULL, NULL, NULL, NULL, NULL),
(306, 21, 'SRAGI', NULL, NULL, NULL, NULL, NULL, NULL, NULL, NULL),
(307, 21, 'SUKOREJO', NULL, NULL, NULL, NULL, NULL, NULL, NULL, NULL);

-- --------------------------------------------------------

--
-- Struktur dari tabel `desa_to_jalans`
--

CREATE TABLE `desa_to_jalans` (
  `id` bigint(20) UNSIGNED NOT NULL,
  `desa_id` bigint(20) UNSIGNED NOT NULL,
  `jalan_id` bigint(20) UNSIGNED NOT NULL,
  `panjang` double(8,2) NOT NULL DEFAULT 0.00,
  `lebar` double(8,2) NOT NULL DEFAULT 0.00,
  `created_at` timestamp NULL DEFAULT NULL,
  `updated_at` timestamp NULL DEFAULT NULL
) ENGINE=InnoDB DEFAULT CHARSET=utf8mb4 COLLATE=utf8mb4_unicode_ci;

-- --------------------------------------------------------

--
-- Struktur dari tabel `desa_to_jembatans`
--

CREATE TABLE `desa_to_jembatans` (
  `id` bigint(20) UNSIGNED NOT NULL,
  `desa_id` bigint(20) UNSIGNED NOT NULL,
  `jembatan_id` bigint(20) UNSIGNED NOT NULL,
  `created_at` timestamp NULL DEFAULT NULL,
  `updated_at` timestamp NULL DEFAULT NULL
) ENGINE=InnoDB DEFAULT CHARSET=utf8mb4 COLLATE=utf8mb4_unicode_ci;

-- --------------------------------------------------------

--
-- Struktur dari tabel `desa_to_sekolahs`
--

CREATE TABLE `desa_to_sekolahs` (
  `id` bigint(20) UNSIGNED NOT NULL,
  `desa_id` bigint(20) UNSIGNED NOT NULL,
  `sekolah_id` bigint(20) UNSIGNED NOT NULL,
  `created_at` timestamp NULL DEFAULT NULL,
  `updated_at` timestamp NULL DEFAULT NULL
) ENGINE=InnoDB DEFAULT CHARSET=utf8mb4 COLLATE=utf8mb4_unicode_ci;

-- --------------------------------------------------------

--
-- Struktur dari tabel `desa_to_wisatas`
--

CREATE TABLE `desa_to_wisatas` (
  `id` bigint(20) UNSIGNED NOT NULL,
  `desa_id` bigint(20) UNSIGNED NOT NULL,
  `tempat_wisata_id` bigint(20) UNSIGNED NOT NULL,
  `created_at` timestamp NULL DEFAULT NULL,
  `updated_at` timestamp NULL DEFAULT NULL
) ENGINE=InnoDB DEFAULT CHARSET=utf8mb4 COLLATE=utf8mb4_unicode_ci;

-- --------------------------------------------------------

--
-- Struktur dari tabel `fasyankes`
--

CREATE TABLE `fasyankes` (
  `id` bigint(20) UNSIGNED NOT NULL,
  `desa_id` bigint(20) UNSIGNED NOT NULL,
  `jenis_fasyankes_id` bigint(20) UNSIGNED NOT NULL,
  `nama` varchar(255) NOT NULL,
  `created_at` timestamp NULL DEFAULT NULL,
  `updated_at` timestamp NULL DEFAULT NULL
) ENGINE=InnoDB DEFAULT CHARSET=utf8mb4 COLLATE=utf8mb4_unicode_ci;

-- --------------------------------------------------------

--
-- Struktur dari tabel `foto_sekolahs`
--

CREATE TABLE `foto_sekolahs` (
  `id` bigint(20) UNSIGNED NOT NULL,
  `sekolah_id` bigint(20) UNSIGNED NOT NULL,
  `location` varchar(255) NOT NULL,
  `file_name` varchar(255) NOT NULL,
  `keterangan` varchar(255) NOT NULL,
  `status` varchar(255) NOT NULL,
  `created_at` timestamp NULL DEFAULT NULL,
  `updated_at` timestamp NULL DEFAULT NULL
) ENGINE=InnoDB DEFAULT CHARSET=utf8mb4 COLLATE=utf8mb4_unicode_ci;

-- --------------------------------------------------------

--
-- Struktur dari tabel `foto_wisatas`
--

CREATE TABLE `foto_wisatas` (
  `id` bigint(20) UNSIGNED NOT NULL,
  `tempat_wisata_id` bigint(20) UNSIGNED NOT NULL,
  `location` varchar(255) NOT NULL,
  `nama_file` varchar(255) NOT NULL,
  `nama_url` varchar(255) NOT NULL,
  `keterangan` text NOT NULL,
  `status` varchar(255) NOT NULL,
  `created_at` timestamp NULL DEFAULT NULL,
  `updated_at` timestamp NULL DEFAULT NULL
) ENGINE=InnoDB DEFAULT CHARSET=utf8mb4 COLLATE=utf8mb4_unicode_ci;

-- --------------------------------------------------------

--
-- Struktur dari tabel `guru_sekolahs`
--

CREATE TABLE `guru_sekolahs` (
  `id` bigint(20) UNSIGNED NOT NULL,
  `sekolah_id` bigint(20) UNSIGNED NOT NULL,
  `nama` varchar(255) NOT NULL,
  `mapel` varchar(255) NOT NULL,
  `tanggal_lahir` varchar(255) NOT NULL,
  `alamat` varchar(255) NOT NULL,
  `created_at` timestamp NULL DEFAULT NULL,
  `updated_at` timestamp NULL DEFAULT NULL
) ENGINE=InnoDB DEFAULT CHARSET=utf8mb4 COLLATE=utf8mb4_unicode_ci;

-- --------------------------------------------------------

--
-- Struktur dari tabel `infrastruktur_jalans`
--

CREATE TABLE `infrastruktur_jalans` (
  `id` bigint(20) UNSIGNED NOT NULL,
  `nama` varchar(255) NOT NULL,
  `no_ruas` varchar(255) NOT NULL,
  `deskripsi` text DEFAULT NULL,
  `status_dipakai` bigint(20) UNSIGNED DEFAULT NULL,
  `created_at` timestamp NULL DEFAULT NULL,
  `updated_at` timestamp NULL DEFAULT NULL
) ENGINE=InnoDB DEFAULT CHARSET=utf8mb4 COLLATE=utf8mb4_unicode_ci;

--
-- Dumping data untuk tabel `infrastruktur_jalans`
--

INSERT INTO `infrastruktur_jalans` (`id`, `nama`, `no_ruas`, `deskripsi`, `status_dipakai`, `created_at`, `updated_at`) VALUES
(1, 'Sampung - Parang', '1', NULL, 1, '2023-11-17 04:56:53', '2023-11-17 04:56:53'),
(2, 'Ngambaan - Sampung', '2', NULL, 2, '2023-11-17 04:56:53', '2023-11-17 04:56:53'),
(3, 'Ngambaan - Mlancar', '3', NULL, 3, '2023-11-17 04:56:53', '2023-11-17 04:56:53'),
(4, 'Somoroto - Ngambaan', '4', NULL, 4, '2023-11-17 04:56:53', '2023-11-17 04:56:53'),
(5, 'Carat - Ngambaan', '5', NULL, 5, '2023-11-17 04:56:53', '2023-11-17 04:56:53'),
(6, 'Sukorejo - Serangan', '6', NULL, 6, '2023-11-17 04:56:53', '2023-11-17 04:56:53'),
(7, 'Jarakan - Kalibening', '7', NULL, 7, '2023-11-17 04:56:53', '2023-11-17 04:56:53'),
(8, 'Ponorogo - Kota Lama', '8', NULL, 8, '2023-11-17 04:56:53', '2023-11-17 04:56:53'),
(9, 'Ponorogo - Jeruk Sing', '9', NULL, 9, '2023-11-17 04:56:53', '2023-11-17 04:56:53'),
(10, 'Kotalama - Jeruksing', '10', NULL, 10, '2023-11-17 04:56:53', '2023-11-17 04:56:53'),
(11, 'Kotalama - Jenangan', '11', NULL, 11, '2023-11-17 04:56:53', '2023-11-17 04:56:53'),
(12, 'Jeruksing - Pulung', '12', NULL, 12, '2023-11-17 04:56:53', '2023-11-17 04:56:53'),
(13, 'Jeruksing - Jabung', '13', NULL, 13, '2023-11-17 04:56:53', '2023-11-17 04:56:53'),
(14, 'Jabung - Mlarak', '14', NULL, 14, '2023-11-17 04:56:53', '2023-11-17 04:56:53'),
(15, 'Mlarak - Pulung', '15', NULL, 15, '2023-11-17 04:56:53', '2023-11-17 04:56:53'),
(16, 'Bulu - Mlarak', '16', NULL, 16, '2023-11-17 04:56:53', '2023-11-17 04:56:53'),
(17, 'Jetis - Jabung', '17', NULL, 17, '2023-11-17 04:56:53', '2023-11-17 04:56:53'),
(18, 'Jetis - Mantup', '18', NULL, 18, '2023-11-17 04:56:53', '2023-11-17 04:56:53'),
(19, 'Bibis - Wringinanom', '19', NULL, 19, '2023-11-17 04:56:53', '2023-11-17 04:56:53'),
(20, 'Duwet - Wringinanom', '20', NULL, 20, '2023-11-17 04:56:53', '2023-11-17 04:56:53'),
(21, 'Mantup - Duwet', '21', NULL, 21, '2023-11-17 04:56:53', '2023-11-17 04:56:53'),
(22, 'Balong - Mantup', '22', NULL, 22, '2023-11-17 04:56:53', '2023-11-17 04:56:53'),
(23, 'Somoroto - Ngumpul', '23', NULL, 23, '2023-11-17 04:56:53', '2023-11-17 04:56:53'),
(24, 'Nailan - Duwet', '24', NULL, 24, '2023-11-17 04:56:53', '2023-11-17 04:56:53'),
(25, 'Duwet - Bungkal', '25', NULL, 25, '2023-11-17 04:56:53', '2023-11-17 04:56:53'),
(26, 'Kambeng - Bungkal', '26', NULL, 26, '2023-11-17 04:56:53', '2023-11-17 04:56:53'),
(27, 'Bungkal - Ngrayun', '27', NULL, 27, '2023-11-17 04:56:53', '2023-11-17 04:56:53'),
(28, 'Slahung - Ngrayun', '28', NULL, 28, '2023-11-17 04:56:53', '2023-11-17 04:56:53'),
(29, 'Slahung - Mrayan', '29', NULL, 29, '2023-11-17 04:56:53', '2023-11-17 04:56:53'),
(30, 'Mrayan - Montongan', '30', NULL, 30, '2023-11-17 04:56:53', '2023-11-17 04:56:53'),
(31, 'Ngrayun - Mrayan', '31', NULL, 31, '2023-11-17 04:56:53', '2023-11-17 04:56:53'),
(32, 'Ngrayun - Jajar', '32', NULL, 32, '2023-11-17 04:56:53', '2023-11-17 04:56:53'),
(33, 'Sawoo - Tumpak Pelem', '33', NULL, 33, '2023-11-17 04:56:53', '2023-11-17 04:56:53'),
(34, 'Pulung - Sooko', '34', NULL, 34, '2023-11-17 04:56:53', '2023-11-17 04:56:53'),
(35, 'Siwalan - Bondrang', '35', NULL, 35, '2023-11-17 04:56:53', '2023-11-17 04:56:53'),
(36, 'Bangsalan - Ketro', '36', NULL, 36, '2023-11-17 04:56:53', '2023-11-17 04:56:53'),
(37, 'Sooko - Bendungan', '37', NULL, 37, '2023-11-17 04:56:53', '2023-11-17 04:56:53'),
(38, 'Kebon - Sooko', '38', NULL, 38, '2023-11-17 04:56:53', '2023-11-17 04:56:53'),
(39, 'Pulung - Jurang Wuluh', '39', NULL, 39, '2023-11-17 04:56:53', '2023-11-17 04:56:53'),
(40, 'Pulung - Kesugihan', '40', NULL, 40, '2023-11-17 04:56:53', '2023-11-17 04:56:53'),
(41, 'Jenangan - Kesugihan', '41', NULL, 41, '2023-11-17 04:56:53', '2023-11-17 04:56:53'),
(42, 'Jenangan - Semanding', '42', NULL, 42, '2023-11-17 04:56:53', '2023-11-17 04:56:53'),
(43, 'Mlilir - Semanding', '43', NULL, 43, '2023-11-17 04:56:53', '2023-11-17 04:56:53'),
(44, 'Semanding - Ngebel', '44', NULL, 44, '2023-11-17 04:56:53', '2023-11-17 04:56:53'),
(45, 'Kesugihan - Ngebel', '45', NULL, 45, '2023-11-17 04:56:53', '2023-11-17 04:56:53'),
(46, 'Ngebel - Ngebel', '46', NULL, 46, '2023-11-17 04:56:53', '2023-11-17 04:56:53'),
(47, 'Ngebel - Wonokoyo', '47', NULL, 47, '2023-11-17 04:56:53', '2023-11-17 04:56:53'),
(48, 'Tanjungsari - Gesing', '48', NULL, 48, '2023-11-17 04:56:53', '2023-11-17 04:56:53'),
(49, 'Badegan - Watupatok', '49', NULL, 49, '2023-11-17 04:56:53', '2023-11-17 04:56:53'),
(50, 'Sooko - Pudak', '50', NULL, 50, '2023-11-17 04:56:53', '2023-11-17 04:56:53'),
(51, 'Broto - Ngrayun', '51', NULL, 51, '2023-11-17 04:56:53', '2023-11-17 04:56:53'),
(52, 'Wringinanom - Gajah', '52', NULL, 52, '2023-11-17 04:56:53', '2023-11-17 04:56:53'),
(53, 'Bibis - Mantup', '53', NULL, 53, '2023-11-17 04:56:53', '2023-11-17 04:56:53'),
(54, 'Danyang - Serangan', '54', NULL, 54, '2023-11-17 04:56:53', '2023-11-17 04:56:53'),
(55, 'Serangan - Gegeran', '55', NULL, 55, '2023-11-17 04:56:53', '2023-11-17 04:56:53'),
(56, 'Mrayan - Gemaharjo', '56', NULL, 56, '2023-11-17 04:56:53', '2023-11-17 04:56:53'),
(57, 'Baosan Lor - Baosan Kidul', '57', NULL, 57, '2023-11-17 04:56:53', '2023-11-17 04:56:53'),
(58, 'Selur - Wonodadi', '58', NULL, 58, '2023-11-17 04:56:53', '2023-11-17 04:56:53'),
(59, 'Selur - Tanggaran', '59', NULL, 59, '2023-11-17 04:56:53', '2023-11-17 04:56:53'),
(60, 'Tumpaklego - Gajah', '60', NULL, 60, '2023-11-17 04:56:53', '2023-11-17 04:56:53'),
(61, 'Bungkal - Kupuk', '61', NULL, 61, '2023-11-17 04:56:53', '2023-11-17 04:56:53'),
(62, 'Kambeng - Ngumpul', '62', NULL, 62, '2023-11-17 04:56:53', '2023-11-17 04:56:53'),
(63, 'Nailan - Janti', '63', NULL, 63, '2023-11-17 04:56:53', '2023-11-17 04:56:53'),
(64, 'Ngumpul - Karang Patihan', '64', NULL, 64, '2023-11-17 04:56:53', '2023-11-17 04:56:53'),
(65, 'Dengok - Nongkodono', '65', NULL, 65, '2023-11-17 04:56:53', '2023-11-17 04:56:53'),
(66, 'Nongkodono - Karangan', '66', NULL, 66, '2023-11-17 04:56:53', '2023-11-17 04:56:53'),
(67, 'Menang - Jambon', '67', NULL, 67, '2023-11-17 04:56:53', '2023-11-17 04:56:53'),
(68, ' Badegan - Tulung', '68', NULL, 68, '2023-11-17 04:56:53', '2023-11-17 04:56:53'),
(69, 'Sampung - Pohijo', '69', NULL, 69, '2023-11-17 04:56:53', '2023-11-17 04:56:53'),
(70, 'Sampung - Sidorejo', '70', NULL, 70, '2023-11-17 04:56:53', '2023-11-17 04:56:53'),
(71, 'Mlilir - Bakalan', '71', NULL, 71, '2023-11-17 04:56:53', '2023-11-17 04:56:53'),
(72, 'Semanding - Sekodok', '72', NULL, 72, '2023-11-17 04:56:53', '2023-11-17 04:56:53'),
(73, 'Gondowido - Toyomarto', '73', NULL, 73, '2023-11-17 04:56:53', '2023-11-17 04:56:53'),
(74, 'Besuki - Ngadirojo', '74', NULL, 74, '2023-11-17 04:56:53', '2023-11-17 04:56:53'),
(75, 'Temon - Suru', '75', NULL, 75, '2023-11-17 04:56:53', '2023-11-17 04:56:53'),
(76, 'Janti - Ngrupit', '76', NULL, 76, '2023-11-17 04:56:53', '2023-11-17 04:56:53'),
(77, 'Tumpakpelem - Manding', '77', NULL, 77, '2023-11-17 04:56:53', '2023-11-17 04:56:53'),
(78, 'Jurang Wuluh - Pudak', '78', NULL, 78, '2023-11-17 04:56:53', '2023-11-17 04:56:53'),
(79, 'Gandu Kepuh - Gelang Lor', '79', NULL, 79, '2023-11-17 04:56:54', '2023-11-17 04:56:54'),
(80, 'Tamansari - Kawedanan', '80', NULL, 80, '2023-11-17 04:56:54', '2023-11-17 04:56:54'),
(81, 'Ngabar - Jabung', '81', NULL, 81, '2023-11-17 04:56:54', '2023-11-17 04:56:54'),
(82, 'Bangunsari - Lembah', '82', NULL, 82, '2023-11-17 04:56:54', '2023-11-17 04:56:54'),
(83, 'Cepoko - Tanggaran', '83', NULL, 83, '2023-11-17 04:56:54', '2023-11-17 04:56:54'),
(84, 'Pabrik Es - Kota Lama', '84', NULL, 84, '2023-11-17 04:56:54', '2023-11-17 04:56:54'),
(85, 'Purbosuman - Siman', '85', NULL, 85, '2023-11-17 04:56:54', '2023-11-17 04:56:54'),
(86, 'Ronowijayan - Singosaren', '86', NULL, 86, '2023-11-17 04:56:54', '2023-11-17 04:56:54'),
(87, 'Jambon - Sidowayah', '87', NULL, 87, '2023-11-17 04:56:54', '2023-11-17 04:56:54'),
(88, 'Lembah - Tular', '88', NULL, 88, '2023-11-17 04:56:54', '2023-11-17 04:56:54'),
(89, 'Sukosari - Tambak Mas', '89', NULL, 89, '2023-11-17 04:56:54', '2023-11-17 04:56:54'),
(90, 'Balong - Ngumpul', '90', NULL, 90, '2023-11-17 04:56:54', '2023-11-17 04:56:54'),
(91, 'Blumbang - Tumpak Pelem', '91', NULL, 91, '2023-11-17 04:56:54', '2023-11-17 04:56:54'),
(92, 'Tamansari - Bedingin', '92', NULL, 92, '2023-11-17 04:56:54', '2023-11-17 04:56:54'),
(93, 'Coper - Tegal Sari', '93', NULL, 93, '2023-11-17 04:56:54', '2023-11-17 04:56:54'),
(94, 'Joresan - Jabung', '94', NULL, 94, '2023-11-17 04:56:54', '2023-11-17 04:56:54'),
(95, 'Kapuran - Gelang', '95', NULL, 95, '2023-11-17 04:56:54', '2023-11-17 04:56:54'),
(96, 'Srandil - Carang Rejo', '96', NULL, 96, '2023-11-17 04:56:54', '2023-11-17 04:56:54'),
(97, 'Kauman - Carangrejo', '97', NULL, 97, '2023-11-17 04:56:54', '2023-11-17 04:56:54'),
(98, 'Kunti - Pagerukir', '98', NULL, 98, '2023-11-17 04:56:54', '2023-11-17 04:56:54'),
(99, 'Waru Doyong - Tempuran', '99', NULL, 99, '2023-11-17 04:56:54', '2023-11-17 04:56:54'),
(100, 'Pangkal - Tumpuk', '100', NULL, 100, '2023-11-17 04:56:54', '2023-11-17 04:56:54'),
(101, 'Ngrukem - Pulung', '101', NULL, 101, '2023-11-17 04:56:54', '2023-11-17 04:56:54'),
(102, 'Polorejo - Ngunut', '104', NULL, 102, '2023-11-17 04:56:54', '2023-11-17 04:56:54'),
(103, 'Polorejo - Ngrupit', '105', NULL, 103, '2023-11-17 04:56:54', '2023-11-17 04:56:54'),
(104, 'Kanten - Ngrupit', '106', NULL, 104, '2023-11-17 04:56:54', '2023-11-17 04:56:54'),
(105, 'Mlancar - Kalibening', '107', NULL, 105, '2023-11-17 04:56:54', '2023-11-17 04:56:54'),
(106, 'Jenangan - Sraten', '108', NULL, 106, '2023-11-17 04:56:54', '2023-11-17 04:56:54'),
(107, 'Watugudig - Sedah', '109', NULL, 107, '2023-11-17 04:56:54', '2023-11-17 04:56:54'),
(108, 'Panjeng - Pintu', '110', NULL, 108, '2023-11-17 04:56:54', '2023-11-17 04:56:54'),
(109, 'Beton - Brahu', '111', NULL, 109, '2023-11-17 04:56:54', '2023-11-17 04:56:54'),
(110, 'Brahu - Nglumpang', '112', NULL, 110, '2023-11-17 04:56:54', '2023-11-17 04:56:54'),
(111, 'Campursari - Bulu', '113', NULL, 111, '2023-11-17 04:56:54', '2023-11-17 04:56:54'),
(112, 'Bulu - Ketro', '114', NULL, 112, '2023-11-17 04:56:54', '2023-11-17 04:56:54'),
(113, 'Tamansari - Wilangan', '115', NULL, 113, '2023-11-17 04:56:54', '2023-11-17 04:56:54'),
(114, 'Besuki - Grogol', '116', NULL, 114, '2023-11-17 04:56:54', '2023-11-17 04:56:54'),
(115, 'Prayungan - Grogol', '117', NULL, 115, '2023-11-17 04:56:54', '2023-11-17 04:56:54'),
(116, 'Cepoko - Selur', '118', NULL, 116, '2023-11-17 04:56:54', '2023-11-17 04:56:54'),
(117, 'Pohijo - Kunti', '119', NULL, 117, '2023-11-17 04:56:54', '2023-11-17 04:56:54'),
(118, 'Sempurejo - Gajah', '120', NULL, 118, '2023-11-17 04:56:54', '2023-11-17 04:56:54'),
(119, 'Nambak - Koripan', '121', NULL, 119, '2023-11-17 04:56:54', '2023-11-17 04:56:54'),
(120, 'Maguan - Grogol', '122', NULL, 120, '2023-11-17 04:56:54', '2023-11-17 04:56:54'),
(121, 'Puhgosong - Karanglo', '123', NULL, 121, '2023-11-17 04:56:54', '2023-11-17 04:56:54'),
(122, 'Gandu - Bantengan', '124', NULL, 122, '2023-11-17 04:56:54', '2023-11-17 04:56:54'),
(123, 'Puhgosong - Kradenan', '125', NULL, 123, '2023-11-17 04:56:54', '2023-11-17 04:56:54'),
(124, 'Karangpatihan - Ngilo-Ilo', '126', NULL, 124, '2023-11-17 04:56:54', '2023-11-17 04:56:54'),
(125, 'Bajang - Gontor', '127', NULL, 125, '2023-11-17 04:56:54', '2023-11-17 04:56:54'),
(126, 'Gunungsari - Candi', '128', NULL, 126, '2023-11-17 04:56:54', '2023-11-17 04:56:54'),
(127, 'Jajar - Wonodadi', '129', NULL, 127, '2023-11-17 04:56:54', '2023-11-17 04:56:54'),
(128, ' Singgahan - Bekiring', '130', NULL, 128, '2023-11-17 04:56:54', '2023-11-17 04:56:54'),
(129, ' Wotan - Bekiring', '131', NULL, 129, '2023-11-17 04:56:54', '2023-11-17 04:56:54'),
(130, ' Kauman - Somoroto', '132', NULL, 130, '2023-11-17 04:56:54', '2023-11-17 04:56:54'),
(131, ' Kapuran -Bandaralim', '133', NULL, 131, '2023-11-17 04:56:54', '2023-11-17 04:56:54'),
(132, ' Baosan Lor - Mrayan', '134', NULL, 132, '2023-11-17 04:56:54', '2023-11-17 04:56:54'),
(133, ' Semanding - Kapuran', '135', NULL, 133, '2023-11-17 04:56:54', '2023-11-17 04:56:54'),
(134, ' Kesugihan -Serag', '136', NULL, 134, '2023-11-17 04:56:54', '2023-11-17 04:56:54'),
(135, 'Joresan -Tegalsari', '137', NULL, 135, '2023-11-17 04:56:54', '2023-11-17 04:56:54'),
(136, ' Purwosari - Lembah', '138', NULL, 136, '2023-11-17 04:56:54', '2023-11-17 04:56:54'),
(137, ' Pondok - Bakalan', '139', NULL, 137, '2023-11-17 04:56:54', '2023-11-17 04:56:54'),
(138, ' Dayakan - Trincing', '140', NULL, 138, '2023-11-17 04:56:54', '2023-11-17 04:56:54'),
(139, ' Dayakan - Watu Agung', '141', NULL, 139, '2023-11-17 04:56:54', '2023-11-17 04:56:54'),
(140, ' Ngunut - Danyang', '142', NULL, 140, '2023-11-17 04:56:54', '2023-11-17 04:56:54'),
(141, ' Purwosari - Trisono', '143', NULL, 141, '2023-11-17 04:56:54', '2023-11-17 04:56:54'),
(142, ' Semanding -Tempuran', '144', NULL, 142, '2023-11-17 04:56:54', '2023-11-17 04:56:54'),
(143, ' Ngampel-Turi', '145', NULL, 143, '2023-11-17 04:56:54', '2023-11-17 04:56:54'),
(144, 'Jalen - Bringin', '146', NULL, 144, '2023-11-17 04:56:54', '2023-11-17 04:56:54'),
(145, 'Ngampel - Muneng', '147', NULL, 145, '2023-11-17 04:56:54', '2023-11-17 04:56:54'),
(146, 'Prayungan - Pengkol', '148', NULL, 146, '2023-11-17 04:56:54', '2023-11-17 04:56:54'),
(147, 'Krebet - Karang Patihan', '149', NULL, 147, '2023-11-17 04:56:54', '2023-11-17 04:56:54'),
(148, 'Jl. Semangka', '400', NULL, 148, '2023-11-17 04:56:54', '2023-11-17 04:56:54'),
(149, 'Jl.  Manggis ', '401', NULL, 149, '2023-11-17 04:56:54', '2023-11-17 04:56:54'),
(150, 'Jl. Jawa', '402', NULL, 150, '2023-11-17 04:56:54', '2023-11-17 04:56:54'),
(151, 'Jl. Dr. Cipto Mangunkusumo', '403', NULL, 151, '2023-11-17 04:56:54', '2023-11-17 04:56:54'),
(152, 'Jl. Lombok', '405', NULL, 152, '2023-11-17 04:56:54', '2023-11-17 04:56:54'),
(153, 'Jl. Masuk Kabupaten', '406', NULL, 153, '2023-11-17 04:56:54', '2023-11-17 04:56:54'),
(154, 'Jl. Banda', '407', NULL, 154, '2023-11-17 04:56:54', '2023-11-17 04:56:54'),
(155, 'Jl Siberut', '408', NULL, 155, '2023-11-17 04:56:54', '2023-11-17 04:56:54'),
(156, 'Jl. Kbp. Duryat', '409', NULL, 156, '2023-11-17 04:56:54', '2023-11-17 04:56:54'),
(157, 'Jl. Parikesit', '410', NULL, 157, '2023-11-17 04:56:54', '2023-11-17 04:56:54'),
(158, 'Jl. Aloon-Aloon Timur', '411', NULL, 158, '2023-11-17 04:56:54', '2023-11-17 04:56:54'),
(159, 'Jl. Wilis', '412', NULL, 159, '2023-11-17 04:56:54', '2023-11-17 04:56:54'),
(160, 'Jl. Dewi Kunti', '413', NULL, 160, '2023-11-17 04:56:54', '2023-11-17 04:56:54'),
(161, 'Jl. Veteran', '414', NULL, 161, '2023-11-17 04:56:54', '2023-11-17 04:56:54'),
(162, 'Jl. Janoko', '415', NULL, 162, '2023-11-17 04:56:54', '2023-11-17 04:56:54'),
(163, 'Jl. Pahlawan', '416', NULL, 163, '2023-11-17 04:56:54', '2023-11-17 04:56:54'),
(164, 'Jl. Gajahmada', '417', NULL, 164, '2023-11-17 04:56:54', '2023-11-17 04:56:54'),
(165, 'Jl. R. Saleh', '418', NULL, 165, '2023-11-17 04:56:54', '2023-11-17 04:56:54'),
(166, 'Jl. Dr.Sutomo', '419', NULL, 166, '2023-11-17 04:56:54', '2023-11-17 04:56:54'),
(167, 'Jl. Gondosuli', '420', NULL, 167, '2023-11-17 04:56:54', '2023-11-17 04:56:54'),
(168, 'Jl. Mh. Thamrin', '421', NULL, 168, '2023-11-17 04:56:54', '2023-11-17 04:56:54'),
(169, 'Jl. Gatot Koco', '422', NULL, 169, '2023-11-17 04:56:54', '2023-11-17 04:56:54'),
(170, 'Jl. Kh.Akhmad Dahlan ', '423', NULL, 170, '2023-11-17 04:56:54', '2023-11-17 04:56:54'),
(171, 'Jl. Ontorejo', '424', NULL, 171, '2023-11-17 04:56:54', '2023-11-17 04:56:54'),
(172, 'Jl. Jend. Basuki Rahmad', '425', NULL, 172, '2023-11-17 04:56:54', '2023-11-17 04:56:54'),
(173, 'Jl. Lawu', '426', NULL, 173, '2023-11-17 04:56:54', '2023-11-17 04:56:54'),
(174, 'Jl. Madura', '427', NULL, 174, '2023-11-17 04:56:54', '2023-11-17 04:56:54'),
(175, 'Jl. Bhayangkara', '428', NULL, 175, '2023-11-17 04:56:54', '2023-11-17 04:56:54'),
(176, 'Jl. Soekarno - Hatta', '430', NULL, 176, '2023-11-17 04:56:54', '2023-11-17 04:56:54'),
(177, 'Jl. J.A. Suprapto', '431', NULL, 177, '2023-11-17 04:56:54', '2023-11-17 04:56:54'),
(178, 'Jl. Sekar Pudak', '432', NULL, 178, '2023-11-17 04:56:54', '2023-11-17 04:56:54'),
(179, 'Jl. Semeru', '433', NULL, 179, '2023-11-17 04:56:54', '2023-11-17 04:56:54'),
(180, 'Jl. Kumbokarno', '434', NULL, 180, '2023-11-17 04:56:54', '2023-11-17 04:56:54'),
(181, 'Jl. Pacar', '435', NULL, 181, '2023-11-17 04:56:54', '2023-11-17 04:56:54'),
(182, 'Jl. Jend. Urip Sumoharjo', '436', NULL, 182, '2023-11-17 04:56:54', '2023-11-17 04:56:54'),
(183, 'Jl. Tangkuban Prahu', '437', NULL, 183, '2023-11-17 04:56:54', '2023-11-17 04:56:54'),
(184, 'Jl. Kalimantan', '438', NULL, 184, '2023-11-17 04:56:54', '2023-11-17 04:56:54'),
(185, 'Jl. Jend. Sudirman', '439', NULL, 185, '2023-11-17 04:56:54', '2023-11-17 04:56:54'),
(186, 'Jl. Sultan Agung', '440', NULL, 186, '2023-11-17 04:56:54', '2023-11-17 04:56:54'),
(187, 'Jl. Merbabu', '441', NULL, 187, '2023-11-17 04:56:54', '2023-11-17 04:56:54'),
(188, 'Jl. Imam Bonjol', '443', NULL, 188, '2023-11-17 04:56:54', '2023-11-17 04:56:54'),
(189, 'Jl. Pramuka', '444', NULL, 189, '2023-11-17 04:56:54', '2023-11-17 04:56:54'),
(190, 'Jl. Sumbawa', '445', NULL, 190, '2023-11-17 04:56:54', '2023-11-17 04:56:54'),
(191, 'Jl. Ki Ageng Mirah', '446', NULL, 191, '2023-11-17 04:56:54', '2023-11-17 04:56:54'),
(192, 'Jl. Sumatra', '447', NULL, 192, '2023-11-17 04:56:54', '2023-11-17 04:56:54'),
(193, 'Jl. Jend. A. Yani', '448', NULL, 193, '2023-11-17 04:56:54', '2023-11-17 04:56:54'),
(194, 'Jl. Irawan', '451', NULL, 194, '2023-11-17 04:56:54', '2023-11-17 04:56:54'),
(195, 'Jl. Prahasto', '452', NULL, 195, '2023-11-17 04:56:54', '2023-11-17 04:56:54'),
(196, 'Jl. Aloon-Aloon Utara', '453', NULL, 196, '2023-11-17 04:56:54', '2023-11-17 04:56:54'),
(197, 'Jl. Sekar Putih', '454', NULL, 197, '2023-11-17 04:56:54', '2023-11-17 04:56:54'),
(198, 'Jl. Kokrosono', '455', NULL, 198, '2023-11-17 04:56:54', '2023-11-17 04:56:54'),
(199, 'Jl. Uler Kambang', '456', NULL, 199, '2023-11-17 04:56:54', '2023-11-17 04:56:54'),
(200, 'Jl. Sinom Parijoto', '457', NULL, 200, '2023-11-17 04:56:54', '2023-11-17 04:56:54'),
(201, 'Jl. Subokastowo', '458', NULL, 201, '2023-11-17 04:56:54', '2023-11-17 04:56:54'),
(202, 'Jl. Rama Wijaya', '459', NULL, 202, '2023-11-17 04:56:54', '2023-11-17 04:56:54'),
(203, 'Jl. Aloon-Aloon Selatan', '460', NULL, 203, '2023-11-17 04:56:54', '2023-11-17 04:56:54'),
(204, 'Jl. Asmorodono', '461', NULL, 204, '2023-11-17 04:56:54', '2023-11-17 04:56:54'),
(205, 'Jl. Sembodro', '462', NULL, 205, '2023-11-17 04:56:54', '2023-11-17 04:56:54'),
(206, 'Jl. Dieng', '463', NULL, 206, '2023-11-17 04:56:54', '2023-11-17 04:56:55'),
(207, 'Jl Jola-Joli', '464', NULL, 207, '2023-11-17 04:56:55', '2023-11-17 04:56:55'),
(208, 'Jl. Argopuro', '465', NULL, 208, '2023-11-17 04:56:55', '2023-11-17 04:56:55'),
(209, 'Jl. Bangka', '466', NULL, 209, '2023-11-17 04:56:55', '2023-11-17 04:56:55'),
(210, 'Jl. Sulawesi', '467', NULL, 210, '2023-11-17 04:56:55', '2023-11-17 04:56:55'),
(211, 'Jl. Werkudoro', '468', NULL, 211, '2023-11-17 04:56:55', '2023-11-17 04:56:55'),
(212, 'Jl. Salak', '469', NULL, 212, '2023-11-17 04:56:55', '2023-11-17 04:56:55'),
(213, 'Jl. Biliton', '470', NULL, 213, '2023-11-17 04:56:55', '2023-11-17 04:56:55'),
(214, 'Jl. Muria', '471', NULL, 214, '2023-11-17 04:56:55', '2023-11-17 04:56:55'),
(215, 'Jl. Sultan Agung Gg. Iii', '472', NULL, 215, '2023-11-17 04:56:55', '2023-11-17 04:56:55'),
(216, 'Jl. Sekar Taman', '473', NULL, 216, '2023-11-17 04:56:55', '2023-11-17 04:56:55'),
(217, 'Jl. Ir. H. Juanda Gg. V', '474', NULL, 217, '2023-11-17 04:56:55', '2023-11-17 04:56:55'),
(218, 'Jl. Menur', '475', NULL, 218, '2023-11-17 04:56:55', '2023-11-17 04:56:55'),
(219, 'Jl. Ukel', '476', NULL, 219, '2023-11-17 04:56:55', '2023-11-17 04:56:55'),
(220, 'Jl. Barong', '477', NULL, 220, '2023-11-17 04:56:55', '2023-11-17 04:56:55'),
(221, 'Jl. Sekar Harum', '478', NULL, 221, '2023-11-17 04:56:55', '2023-11-17 04:56:55'),
(222, 'Jl. Anggrek', '479', NULL, 222, '2023-11-17 04:56:55', '2023-11-17 04:56:55'),
(223, 'Jl. Parang Menang', '480', NULL, 223, '2023-11-17 04:56:55', '2023-11-17 04:56:55'),
(224, 'Jl. R. Katong', '481', NULL, 224, '2023-11-17 04:56:55', '2023-11-17 04:56:55'),
(225, 'Jl. Budi Utomo', '482', NULL, 225, '2023-11-17 04:56:55', '2023-11-17 04:56:55'),
(226, 'Jl. Sedap Malam', '483', NULL, 226, '2023-11-17 04:56:55', '2023-11-17 04:56:55'),
(227, 'Jl. Jenar', '484', NULL, 227, '2023-11-17 04:56:55', '2023-11-17 04:56:55'),
(228, 'Jl. Subali', '485', NULL, 228, '2023-11-17 04:56:55', '2023-11-17 04:56:55'),
(229, 'Jl. Ontoseno', '486', NULL, 229, '2023-11-17 04:56:55', '2023-11-17 04:56:55'),
(230, 'Jl. Banowati', '487', NULL, 230, '2023-11-17 04:56:55', '2023-11-17 04:56:55'),
(231, 'Jl. Poncowolo', '488', NULL, 231, '2023-11-17 04:56:55', '2023-11-17 04:56:55'),
(232, 'Jl. Sambirobyong', '489', NULL, 232, '2023-11-17 04:56:55', '2023-11-17 04:56:55'),
(233, 'Jl. Seram', '490', NULL, 233, '2023-11-17 04:56:55', '2023-11-17 04:56:55'),
(234, 'Jl. Anjani', '491', NULL, 234, '2023-11-17 04:56:55', '2023-11-17 04:56:55'),
(235, 'Jl. Kawung', '492', NULL, 235, '2023-11-17 04:56:55', '2023-11-17 04:56:55'),
(236, 'Jl. Dewi Kunti', '493', NULL, 236, '2023-11-17 04:56:55', '2023-11-17 04:56:55'),
(237, 'Jl. Merapi', '494', NULL, 237, '2023-11-17 04:56:55', '2023-11-17 04:56:55'),
(238, 'Jl. Tirto Tejo', '495', NULL, 238, '2023-11-17 04:56:55', '2023-11-17 04:56:55'),
(239, 'Jl. Karel Satsuit Tubun', '496', NULL, 239, '2023-11-17 04:56:55', '2023-11-17 04:56:55'),
(240, 'Jl. Anjasmoro', '497', NULL, 240, '2023-11-17 04:56:55', '2023-11-17 04:56:55'),
(241, 'Jl. Mangga', '498', NULL, 241, '2023-11-17 04:56:55', '2023-11-17 04:56:55'),
(242, 'Jl. Bali', '499', NULL, 242, '2023-11-17 04:56:55', '2023-11-17 04:56:55'),
(243, 'Jl. Pepaya', '600', NULL, 243, '2023-11-17 04:56:55', '2023-11-17 04:56:55'),
(244, 'Jl. Durian', '601', NULL, 244, '2023-11-17 04:56:55', '2023-11-17 04:56:55'),
(245, 'Jl. Delima', '602', NULL, 245, '2023-11-17 04:56:55', '2023-11-17 04:56:55'),
(246, 'Jl. Letjen. Mt. Haryono G.Vi', '603', NULL, 246, '2023-11-17 04:56:55', '2023-11-17 04:56:55'),
(247, 'Jl. Letjen. Mt. Haryono G.V', '604', NULL, 247, '2023-11-17 04:56:55', '2023-11-17 04:56:55'),
(248, 'Jl. Letjen. Mt. Haryono G.Iv', '605', NULL, 248, '2023-11-17 04:56:55', '2023-11-17 04:56:55'),
(249, 'Jl. Letjen. Mt. Haryono G.Ii', '606', NULL, 249, '2023-11-17 04:56:55', '2023-11-17 04:56:55'),
(250, 'Jl. Puspowarno', '607', NULL, 250, '2023-11-17 04:56:55', '2023-11-17 04:56:55'),
(251, 'Jl. Kratatau', '608', NULL, 251, '2023-11-17 04:56:55', '2023-11-17 04:56:55'),
(252, 'Jl. Ternate', '609', NULL, 252, '2023-11-17 04:56:55', '2023-11-17 04:56:55'),
(253, 'Jl. Karimata', '610', NULL, 253, '2023-11-17 04:56:55', '2023-11-17 04:56:55'),
(254, 'Jl. Kh. Hasyim Asyhari', '611', NULL, 254, '2023-11-17 04:56:55', '2023-11-17 04:56:55'),
(255, 'Jl. Kyai Kasan Besari', '612', NULL, 255, '2023-11-17 04:56:55', '2023-11-17 04:56:55'),
(256, 'Jl. Kh. Wachid Hasyim', '613', NULL, 256, '2023-11-17 04:56:55', '2023-11-17 04:56:55'),
(257, ' Jl. Kh. Zainal Mustofa', '614', NULL, 257, '2023-11-17 04:56:55', '2023-11-17 04:56:55'),
(258, 'Jl. Kyai Mojo', '615', NULL, 258, '2023-11-17 04:56:55', '2023-11-17 04:56:55'),
(259, 'Jl. P. Hidayatullah', '616', NULL, 259, '2023-11-17 04:56:55', '2023-11-17 04:56:55'),
(260, 'Jl. Tlutur', '617', NULL, 260, '2023-11-17 04:56:55', '2023-11-17 04:56:55'),
(261, 'Jl. Sadewo', '618', NULL, 261, '2023-11-17 04:56:55', '2023-11-17 04:56:55'),
(262, 'Jl. Petruk', '619', NULL, 262, '2023-11-17 04:56:55', '2023-11-17 04:56:55'),
(263, 'Jl. Jend. Gatot Soebroto G.I', '620', NULL, 263, '2023-11-17 04:56:55', '2023-11-17 04:56:55'),
(264, 'Jl. Semar', '621', NULL, 264, '2023-11-17 04:56:55', '2023-11-17 04:56:55'),
(265, 'Jl. Anilo', '622', NULL, 265, '2023-11-17 04:56:55', '2023-11-17 04:56:55'),
(266, 'Jl. Abimanyu', '623', NULL, 266, '2023-11-17 04:56:55', '2023-11-17 04:56:55'),
(267, 'Jl. Larasati', '624', NULL, 267, '2023-11-17 04:56:55', '2023-11-17 04:56:55'),
(268, 'Jl. Sultan Agung G.I', '625', NULL, 268, '2023-11-17 04:56:55', '2023-11-17 04:56:55'),
(269, 'Jl. Sultan Agung G.Ii', '626', NULL, 269, '2023-11-17 04:56:55', '2023-11-17 04:56:55'),
(270, 'Jl. Sultan Agung G.V', '627', NULL, 270, '2023-11-17 04:56:55', '2023-11-17 04:56:55'),
(271, 'Jl. Truntum', '628', NULL, 271, '2023-11-17 04:56:55', '2023-11-17 04:56:55'),
(272, 'Jl. Sido Mukti', '629', NULL, 272, '2023-11-17 04:56:56', '2023-11-17 04:56:56'),
(273, 'Jl. Sekar Jagad', '630', NULL, 273, '2023-11-17 04:56:56', '2023-11-17 04:56:56'),
(274, 'Jl. Sidoluhur', '631', NULL, 274, '2023-11-17 04:56:56', '2023-11-17 04:56:56'),
(275, 'Jl. Rujak Sente', '632', NULL, 275, '2023-11-17 04:56:56', '2023-11-17 04:56:56'),
(276, 'Jl. Udan Liris', '633', NULL, 276, '2023-11-17 04:56:56', '2023-11-17 04:56:56'),
(277, 'Jl. Parang Kembang', '634', NULL, 277, '2023-11-17 04:56:56', '2023-11-17 04:56:56'),
(278, 'Jl. Parang Parung', '635', NULL, 278, '2023-11-17 04:56:56', '2023-11-17 04:56:56'),
(279, 'Jl. Parang Klitik', '636', NULL, 279, '2023-11-17 04:56:56', '2023-11-17 04:56:56'),
(280, 'Jl. Parang Kusumo', '637', NULL, 280, '2023-11-17 04:56:56', '2023-11-17 04:56:56'),
(281, 'Jl. Parang Baris', '638', NULL, 281, '2023-11-17 04:56:56', '2023-11-17 04:56:56'),
(282, 'Jl. Parang Ukel', '639', NULL, 282, '2023-11-17 04:56:56', '2023-11-17 04:56:56'),
(283, 'Jl. Kali Musi', '640', NULL, 283, '2023-11-17 04:56:56', '2023-11-17 04:56:56'),
(284, 'Jl. Raden Wijaya', '641', NULL, 284, '2023-11-17 04:56:56', '2023-11-17 04:56:56'),
(285, 'Jl. Ki Ageng Selo', '642', NULL, 285, '2023-11-17 04:56:56', '2023-11-17 04:56:56'),
(286, 'Jl. Segolo-Golo', '643', NULL, 286, '2023-11-17 04:56:56', '2023-11-17 04:56:56'),
(287, 'Jl. Kapuas', '644', NULL, 287, '2023-11-17 04:56:56', '2023-11-17 04:56:56'),
(288, 'Jl. Barito', '645', NULL, 288, '2023-11-17 04:56:56', '2023-11-17 04:56:56'),
(289, 'Jl. Ki Lelono', '646', NULL, 289, '2023-11-17 04:56:56', '2023-11-17 04:56:56'),
(290, 'Jl. Rumpuk', '647', NULL, 290, '2023-11-17 04:56:56', '2023-11-17 04:56:56'),
(291, 'Jl. Cinde Wilis', '648', NULL, 291, '2023-11-17 04:56:56', '2023-11-17 04:56:56'),
(292, 'Jl. Jagadan', '649', NULL, 292, '2023-11-17 04:56:56', '2023-11-17 04:56:56'),
(293, 'Jl. Suminten', '650', NULL, 293, '2023-11-17 04:56:56', '2023-11-17 04:56:56'),
(294, 'Jl. Serakung', '651', NULL, 294, '2023-11-17 04:56:56', '2023-11-17 04:56:56'),
(295, 'Jl. Pacar Gg. I', '652', NULL, 295, '2023-11-17 04:56:56', '2023-11-17 04:56:56'),
(296, 'Jl. Pacar Gg. Ii', '653', NULL, 296, '2023-11-17 04:56:56', '2023-11-17 04:56:56'),
(297, 'Jl. Pacar Gg. Iii', '654', NULL, 297, '2023-11-17 04:56:56', '2023-11-17 04:56:56'),
(298, 'Jl. Pacar Gg. Iv', '655', NULL, 298, '2023-11-17 04:56:56', '2023-11-17 04:56:56'),
(299, 'Jl. Pacar Gg. V', '656', NULL, 299, '2023-11-17 04:56:56', '2023-11-17 04:56:56'),
(300, 'Jl. Pacar Gg. Vi', '657', NULL, 300, '2023-11-17 04:56:56', '2023-11-17 04:56:56'),
(301, 'Jl. Pacar Gg. Vii', '658', NULL, 301, '2023-11-17 04:56:56', '2023-11-17 04:56:56'),
(302, 'Jl. Sekar Gayam', '659', NULL, 302, '2023-11-17 04:56:56', '2023-11-17 04:56:56'),
(303, 'Jl. Anoman', '660', NULL, 303, '2023-11-17 04:56:56', '2023-11-17 04:56:56'),
(304, 'Jl. Madusari - Pengkol', '661', NULL, 304, '2023-11-17 04:56:56', '2023-11-17 04:56:56'),
(305, 'Jl. Pengkol - Paju', '662', NULL, 305, '2023-11-17 04:56:56', '2023-11-17 04:56:56'),
(306, 'Jl. Nyi Ageng Serang', '663', NULL, 306, '2023-11-17 04:56:56', '2023-11-17 04:56:56'),
(307, 'Jl. Ratu Kali Nya\'Mat', '664', NULL, 307, '2023-11-17 04:56:56', '2023-11-17 04:56:56'),
(308, 'Jl. Jingglong - Bareng', '665', NULL, 308, '2023-11-17 04:56:56', '2023-11-17 04:56:56'),
(309, 'Jl. Bareng - Ngunut', '666', NULL, 309, '2023-11-17 04:56:56', '2023-11-17 04:56:56'),
(310, 'Jl. Ngunut - Cekok', '667', NULL, 310, '2023-11-17 04:56:56', '2023-11-17 04:56:56'),
(311, 'Jl. Borang - Tajug', '668', NULL, 311, '2023-11-17 04:56:56', '2023-11-17 04:56:56'),
(312, 'Jl. Tajug - Sawuh', '669', NULL, 312, '2023-11-17 04:56:56', '2023-11-17 04:56:57'),
(313, 'Jl. Suromenggolo', '670', NULL, 313, '2023-11-17 04:56:57', '2023-11-17 04:56:57'),
(314, 'Jl. Ir. Juanda Gg Vi', '671', NULL, 314, '2023-11-17 04:56:57', '2023-11-17 04:56:57'),
(315, 'Jl. Dosomuko', '672', NULL, 315, '2023-11-17 04:56:57', '2023-11-17 04:56:57');

-- --------------------------------------------------------

--
-- Struktur dari tabel `infrastruktur_jembatans`
--

CREATE TABLE `infrastruktur_jembatans` (
  `id` bigint(20) UNSIGNED NOT NULL,
  `nama` varchar(255) NOT NULL,
  `nomor` varchar(255) NOT NULL,
  `deskripsi` text NOT NULL,
  `status_dipakai` bigint(20) UNSIGNED DEFAULT NULL,
  `created_at` timestamp NULL DEFAULT NULL,
  `updated_at` timestamp NULL DEFAULT NULL
) ENGINE=InnoDB DEFAULT CHARSET=utf8mb4 COLLATE=utf8mb4_unicode_ci;

-- --------------------------------------------------------

--
-- Struktur dari tabel `jenis_fasyankes`
--

CREATE TABLE `jenis_fasyankes` (
  `id` bigint(20) UNSIGNED NOT NULL,
  `nama` varchar(255) NOT NULL,
  `created_at` timestamp NULL DEFAULT NULL,
  `updated_at` timestamp NULL DEFAULT NULL
) ENGINE=InnoDB DEFAULT CHARSET=utf8mb4 COLLATE=utf8mb4_unicode_ci;

--
-- Dumping data untuk tabel `jenis_fasyankes`
--

INSERT INTO `jenis_fasyankes` (`id`, `nama`, `created_at`, `updated_at`) VALUES
(1, 'puskesmas', NULL, NULL),
(2, 'rumah sakit tipe a', NULL, NULL),
(3, 'rumah sakit tipe b', NULL, NULL),
(4, 'rumah sakit tipe c', NULL, NULL),
(5, 'rumah sakit tipe d', NULL, NULL),
(6, 'puskesmas pembantu', NULL, NULL);

-- --------------------------------------------------------

--
-- Struktur dari tabel `jenis_lahans`
--

CREATE TABLE `jenis_lahans` (
  `id` bigint(20) UNSIGNED NOT NULL,
  `nama` varchar(255) NOT NULL,
  `created_at` timestamp NULL DEFAULT NULL,
  `updated_at` timestamp NULL DEFAULT NULL
) ENGINE=InnoDB DEFAULT CHARSET=utf8mb4 COLLATE=utf8mb4_unicode_ci;

--
-- Dumping data untuk tabel `jenis_lahans`
--

INSERT INTO `jenis_lahans` (`id`, `nama`, `created_at`, `updated_at`) VALUES
(1, 'sawah', NULL, NULL),
(2, 'rawa', NULL, NULL),
(3, 'kebun', NULL, NULL),
(4, 'tambak', NULL, NULL),
(5, 'perikanan', NULL, NULL);

-- --------------------------------------------------------

--
-- Struktur dari tabel `jenis_pasars`
--

CREATE TABLE `jenis_pasars` (
  `id` bigint(20) UNSIGNED NOT NULL,
  `nama` varchar(255) NOT NULL,
  `created_at` timestamp NULL DEFAULT NULL,
  `updated_at` timestamp NULL DEFAULT NULL
) ENGINE=InnoDB DEFAULT CHARSET=utf8mb4 COLLATE=utf8mb4_unicode_ci;

--
-- Dumping data untuk tabel `jenis_pasars`
--

INSERT INTO `jenis_pasars` (`id`, `nama`, `created_at`, `updated_at`) VALUES
(1, 'Pasar Tradisional', NULL, NULL),
(2, 'Pasar Modern', NULL, NULL),
(3, 'Pasar Harian', NULL, NULL),
(4, 'Pasar Mingguan', NULL, NULL),
(5, 'Pasar Temporer', NULL, NULL),
(6, 'Pasar Induk', NULL, NULL);

-- --------------------------------------------------------

--
-- Struktur dari tabel `jenis_sekolahs`
--

CREATE TABLE `jenis_sekolahs` (
  `id` bigint(20) UNSIGNED NOT NULL,
  `nama` varchar(255) NOT NULL,
  `negeri` tinyint(1) NOT NULL DEFAULT 1,
  `created_at` timestamp NULL DEFAULT NULL,
  `updated_at` timestamp NULL DEFAULT NULL
) ENGINE=InnoDB DEFAULT CHARSET=utf8mb4 COLLATE=utf8mb4_unicode_ci;

--
-- Dumping data untuk tabel `jenis_sekolahs`
--

INSERT INTO `jenis_sekolahs` (`id`, `nama`, `negeri`, `created_at`, `updated_at`) VALUES
(1, 'TK', 1, NULL, NULL),
(2, 'TK', 0, NULL, NULL),
(3, 'PAUD', 1, NULL, NULL),
(4, 'PAUD', 0, NULL, NULL),
(5, 'Sekolah Dasar', 1, NULL, NULL),
(6, 'Sekolah Dasar', 0, NULL, NULL),
(7, 'Madrasah Ibtidaiah', 1, NULL, NULL),
(8, 'Madrasah Ibtidaiah', 0, NULL, NULL),
(9, 'Sekolah Menengah Pertama', 1, NULL, NULL),
(10, 'Sekolah Menengah Pertama', 0, NULL, NULL),
(11, 'Madrasah Tsanawiyah', 1, NULL, NULL),
(12, 'Madrasah Tsanawiyah', 0, NULL, NULL),
(13, 'Sekolah Menengah Atas', 1, NULL, NULL),
(14, 'Sekolah Menengah Atas', 0, NULL, NULL),
(15, 'Sekolah Menengah Kejuruan', 1, NULL, NULL),
(16, 'Sekolah Menengah Kejuruan', 0, NULL, NULL),
(17, 'Madrasah Aliyah', 1, NULL, NULL),
(18, 'Madrasah Aliyah', 0, NULL, NULL);

-- --------------------------------------------------------

--
-- Struktur dari tabel `kecamatans`
--

CREATE TABLE `kecamatans` (
  `id` bigint(20) UNSIGNED NOT NULL,
  `name` varchar(255) NOT NULL,
  `luas` varchar(255) DEFAULT NULL,
  `camat` varchar(255) DEFAULT NULL,
  `alamat_camat` text DEFAULT NULL,
  `nip` varchar(255) DEFAULT NULL,
  `telp_camat` varchar(255) DEFAULT NULL,
  `foto` varchar(255) DEFAULT NULL,
  `created_at` timestamp NULL DEFAULT NULL,
  `updated_at` timestamp NULL DEFAULT NULL
) ENGINE=InnoDB DEFAULT CHARSET=utf8mb4 COLLATE=utf8mb4_unicode_ci;

--
-- Dumping data untuk tabel `kecamatans`
--

INSERT INTO `kecamatans` (`id`, `name`, `luas`, `camat`, `alamat_camat`, `nip`, `telp_camat`, `foto`, `created_at`, `updated_at`) VALUES
(1, 'babadan', NULL, NULL, NULL, NULL, NULL, NULL, NULL, NULL),
(2, 'badegan', NULL, NULL, NULL, NULL, NULL, NULL, NULL, NULL),
(3, 'balong', NULL, NULL, NULL, NULL, NULL, NULL, NULL, NULL),
(4, 'bungkal', NULL, NULL, NULL, NULL, NULL, NULL, NULL, NULL),
(5, 'jambon', NULL, NULL, NULL, NULL, NULL, NULL, NULL, NULL),
(6, 'jenangan', NULL, NULL, NULL, NULL, NULL, NULL, NULL, NULL),
(7, 'jetis', NULL, NULL, NULL, NULL, NULL, NULL, NULL, NULL),
(8, 'kauman', NULL, NULL, NULL, NULL, NULL, NULL, NULL, NULL),
(9, 'mlarak', NULL, NULL, NULL, NULL, NULL, NULL, NULL, NULL),
(10, 'ngebel', NULL, NULL, NULL, NULL, NULL, NULL, NULL, NULL),
(11, 'ngrayun', NULL, NULL, NULL, NULL, NULL, NULL, NULL, NULL),
(12, 'ponorogo', NULL, NULL, NULL, NULL, NULL, NULL, NULL, NULL),
(13, 'pudak', NULL, NULL, NULL, NULL, NULL, NULL, NULL, NULL),
(14, 'pulung', NULL, NULL, NULL, NULL, NULL, NULL, NULL, NULL),
(15, 'sambit', NULL, NULL, NULL, NULL, NULL, NULL, NULL, NULL),
(16, 'sampung', NULL, NULL, NULL, NULL, NULL, NULL, NULL, NULL),
(17, 'sawoo', NULL, NULL, NULL, NULL, NULL, NULL, NULL, NULL),
(18, 'siman', NULL, NULL, NULL, NULL, NULL, NULL, NULL, NULL),
(19, 'slahung', NULL, NULL, NULL, NULL, NULL, NULL, NULL, NULL),
(20, 'sooko', NULL, NULL, NULL, NULL, NULL, NULL, NULL, NULL),
(21, 'sukorejo', NULL, NULL, NULL, NULL, NULL, NULL, NULL, NULL);

-- --------------------------------------------------------

--
-- Struktur dari tabel `kecamatan_to_jalans`
--

CREATE TABLE `kecamatan_to_jalans` (
  `id` bigint(20) UNSIGNED NOT NULL,
  `kecamatan_id` bigint(20) UNSIGNED NOT NULL,
  `infrastruktur_jalan_id` bigint(20) UNSIGNED NOT NULL,
  `created_at` timestamp NULL DEFAULT NULL,
  `updated_at` timestamp NULL DEFAULT NULL
) ENGINE=InnoDB DEFAULT CHARSET=utf8mb4 COLLATE=utf8mb4_unicode_ci;

--
-- Dumping data untuk tabel `kecamatan_to_jalans`
--

INSERT INTO `kecamatan_to_jalans` (`id`, `kecamatan_id`, `infrastruktur_jalan_id`, `created_at`, `updated_at`) VALUES
(1, 16, 1, '2023-11-17 04:56:53', '2023-11-17 04:56:53'),
(2, 16, 2, '2023-11-17 04:56:53', '2023-11-17 04:56:53'),
(3, 21, 3, '2023-11-17 04:56:53', '2023-11-17 04:56:53'),
(4, 8, 4, '2023-11-17 04:56:53', '2023-11-17 04:56:53'),
(5, 8, 5, '2023-11-17 04:56:53', '2023-11-17 04:56:53'),
(6, 21, 5, '2023-11-17 04:56:53', '2023-11-17 04:56:53'),
(7, 21, 6, '2023-11-17 04:56:53', '2023-11-17 04:56:53'),
(8, 1, 7, '2023-11-17 04:56:53', '2023-11-17 04:56:53'),
(9, 12, 8, '2023-11-17 04:56:53', '2023-11-17 04:56:53'),
(10, 12, 9, '2023-11-17 04:56:53', '2023-11-17 04:56:53'),
(11, 12, 10, '2023-11-17 04:56:53', '2023-11-17 04:56:53'),
(12, 6, 11, '2023-11-17 04:56:53', '2023-11-17 04:56:53'),
(13, 1, 11, '2023-11-17 04:56:53', '2023-11-17 04:56:53'),
(14, 18, 12, '2023-11-17 04:56:53', '2023-11-17 04:56:53'),
(15, 14, 12, '2023-11-17 04:56:53', '2023-11-17 04:56:53'),
(16, 18, 13, '2023-11-17 04:56:53', '2023-11-17 04:56:53'),
(17, 9, 13, '2023-11-17 04:56:53', '2023-11-17 04:56:53'),
(18, 9, 14, '2023-11-17 04:56:53', '2023-11-17 04:56:53'),
(19, 9, 15, '2023-11-17 04:56:53', '2023-11-17 04:56:53'),
(20, 14, 15, '2023-11-17 04:56:53', '2023-11-17 04:56:53'),
(21, 9, 16, '2023-11-17 04:56:53', '2023-11-17 04:56:53'),
(22, 7, 17, '2023-11-17 04:56:53', '2023-11-17 04:56:53'),
(23, 9, 17, '2023-11-17 04:56:53', '2023-11-17 04:56:53'),
(24, 7, 18, '2023-11-17 04:56:53', '2023-11-17 04:56:53'),
(25, 15, 19, '2023-11-17 04:56:53', '2023-11-17 04:56:53'),
(26, 15, 20, '2023-11-17 04:56:53', '2023-11-17 04:56:53'),
(27, 4, 20, '2023-11-17 04:56:53', '2023-11-17 04:56:53'),
(28, 4, 21, '2023-11-17 04:56:53', '2023-11-17 04:56:53'),
(29, 3, 22, '2023-11-17 04:56:53', '2023-11-17 04:56:53'),
(30, 7, 22, '2023-11-17 04:56:53', '2023-11-17 04:56:53'),
(31, 8, 23, '2023-11-17 04:56:53', '2023-11-17 04:56:53'),
(32, 5, 23, '2023-11-17 04:56:53', '2023-11-17 04:56:53'),
(33, 4, 24, '2023-11-17 04:56:53', '2023-11-17 04:56:53'),
(34, 19, 24, '2023-11-17 04:56:53', '2023-11-17 04:56:53'),
(35, 4, 25, '2023-11-17 04:56:53', '2023-11-17 04:56:53'),
(36, 4, 26, '2023-11-17 04:56:53', '2023-11-17 04:56:53'),
(37, 19, 26, '2023-11-17 04:56:53', '2023-11-17 04:56:53'),
(38, 4, 27, '2023-11-17 04:56:53', '2023-11-17 04:56:53'),
(39, 11, 27, '2023-11-17 04:56:53', '2023-11-17 04:56:53'),
(40, 11, 28, '2023-11-17 04:56:53', '2023-11-17 04:56:53'),
(41, 19, 28, '2023-11-17 04:56:53', '2023-11-17 04:56:53'),
(42, 19, 29, '2023-11-17 04:56:53', '2023-11-17 04:56:53'),
(43, 11, 29, '2023-11-17 04:56:53', '2023-11-17 04:56:53'),
(44, 11, 30, '2023-11-17 04:56:53', '2023-11-17 04:56:53'),
(45, 11, 31, '2023-11-17 04:56:53', '2023-11-17 04:56:53'),
(46, 11, 32, '2023-11-17 04:56:53', '2023-11-17 04:56:53'),
(47, 17, 33, '2023-11-17 04:56:53', '2023-11-17 04:56:53'),
(48, 14, 34, '2023-11-17 04:56:53', '2023-11-17 04:56:53'),
(49, 20, 34, '2023-11-17 04:56:53', '2023-11-17 04:56:53'),
(50, 9, 35, '2023-11-17 04:56:53', '2023-11-17 04:56:53'),
(51, 15, 36, '2023-11-17 04:56:53', '2023-11-17 04:56:53'),
(52, 14, 38, '2023-11-17 04:56:53', '2023-11-17 04:56:53'),
(53, 20, 38, '2023-11-17 04:56:53', '2023-11-17 04:56:53'),
(54, 14, 39, '2023-11-17 04:56:53', '2023-11-17 04:56:53'),
(55, 14, 40, '2023-11-17 04:56:53', '2023-11-17 04:56:53'),
(56, 6, 41, '2023-11-17 04:56:53', '2023-11-17 04:56:53'),
(57, 14, 41, '2023-11-17 04:56:53', '2023-11-17 04:56:53'),
(58, 6, 42, '2023-11-17 04:56:53', '2023-11-17 04:56:53'),
(59, 6, 43, '2023-11-17 04:56:53', '2023-11-17 04:56:53'),
(60, 10, 44, '2023-11-17 04:56:53', '2023-11-17 04:56:53'),
(61, 10, 45, '2023-11-17 04:56:53', '2023-11-17 04:56:53'),
(62, 10, 46, '2023-11-17 04:56:53', '2023-11-17 04:56:53'),
(63, 10, 47, '2023-11-17 04:56:53', '2023-11-17 04:56:53'),
(64, 6, 48, '2023-11-17 04:56:53', '2023-11-17 04:56:53'),
(65, 2, 49, '2023-11-17 04:56:53', '2023-11-17 04:56:53'),
(66, 20, 50, '2023-11-17 04:56:53', '2023-11-17 04:56:53'),
(67, 19, 51, '2023-11-17 04:56:53', '2023-11-17 04:56:53'),
(68, 11, 51, '2023-11-17 04:56:53', '2023-11-17 04:56:53'),
(69, 15, 52, '2023-11-17 04:56:53', '2023-11-17 04:56:53'),
(70, 15, 53, '2023-11-17 04:56:53', '2023-11-17 04:56:53'),
(71, 7, 53, '2023-11-17 04:56:53', '2023-11-17 04:56:53'),
(72, 21, 54, '2023-11-17 04:56:53', '2023-11-17 04:56:53'),
(73, 21, 55, '2023-11-17 04:56:53', '2023-11-17 04:56:53'),
(74, 11, 56, '2023-11-17 04:56:53', '2023-11-17 04:56:53'),
(75, 11, 57, '2023-11-17 04:56:53', '2023-11-17 04:56:53'),
(76, 11, 58, '2023-11-17 04:56:53', '2023-11-17 04:56:53'),
(77, 11, 59, '2023-11-17 04:56:53', '2023-11-17 04:56:53'),
(78, 11, 60, '2023-11-17 04:56:53', '2023-11-17 04:56:53'),
(79, 15, 60, '2023-11-17 04:56:53', '2023-11-17 04:56:53'),
(80, 4, 61, '2023-11-17 04:56:53', '2023-11-17 04:56:53'),
(81, 19, 62, '2023-11-17 04:56:53', '2023-11-17 04:56:53'),
(82, 4, 62, '2023-11-17 04:56:53', '2023-11-17 04:56:53'),
(83, 19, 63, '2023-11-17 04:56:53', '2023-11-17 04:56:53'),
(84, 3, 64, '2023-11-17 04:56:53', '2023-11-17 04:56:53'),
(85, 8, 65, '2023-11-17 04:56:53', '2023-11-17 04:56:53'),
(86, 8, 66, '2023-11-17 04:56:53', '2023-11-17 04:56:53'),
(87, 5, 66, '2023-11-17 04:56:53', '2023-11-17 04:56:53'),
(88, 5, 67, '2023-11-17 04:56:53', '2023-11-17 04:56:53'),
(89, 2, 68, '2023-11-17 04:56:53', '2023-11-17 04:56:53'),
(90, 16, 68, '2023-11-17 04:56:53', '2023-11-17 04:56:53'),
(91, 16, 69, '2023-11-17 04:56:53', '2023-11-17 04:56:53'),
(92, 21, 69, '2023-11-17 04:56:53', '2023-11-17 04:56:53'),
(93, 16, 70, '2023-11-17 04:56:53', '2023-11-17 04:56:53'),
(94, 1, 71, '2023-11-17 04:56:53', '2023-11-17 04:56:53'),
(95, 10, 72, '2023-11-17 04:56:53', '2023-11-17 04:56:53'),
(96, 10, 73, '2023-11-17 04:56:53', '2023-11-17 04:56:53'),
(97, 15, 74, '2023-11-17 04:56:53', '2023-11-17 04:56:53'),
(98, 17, 74, '2023-11-17 04:56:53', '2023-11-17 04:56:53'),
(99, 20, 75, '2023-11-17 04:56:53', '2023-11-17 04:56:53'),
(100, 17, 75, '2023-11-17 04:56:53', '2023-11-17 04:56:53'),
(101, 6, 76, '2023-11-17 04:56:53', '2023-11-17 04:56:53'),
(102, 17, 77, '2023-11-17 04:56:53', '2023-11-17 04:56:53'),
(103, 14, 78, '2023-11-17 04:56:53', '2023-11-17 04:56:53'),
(104, 20, 78, '2023-11-17 04:56:53', '2023-11-17 04:56:53'),
(105, 21, 79, '2023-11-17 04:56:54', '2023-11-17 04:56:54'),
(106, 15, 80, '2023-11-17 04:56:54', '2023-11-17 04:56:54'),
(107, 18, 81, '2023-11-17 04:56:54', '2023-11-17 04:56:54'),
(108, 12, 81, '2023-11-17 04:56:54', '2023-11-17 04:56:54'),
(109, 1, 82, '2023-11-17 04:56:54', '2023-11-17 04:56:54'),
(110, 11, 83, '2023-11-17 04:56:54', '2023-11-17 04:56:54'),
(111, 1, 84, '2023-11-17 04:56:54', '2023-11-17 04:56:54'),
(112, 18, 85, '2023-11-17 04:56:54', '2023-11-17 04:56:54'),
(113, 18, 86, '2023-11-17 04:56:54', '2023-11-17 04:56:54'),
(114, 5, 87, '2023-11-17 04:56:54', '2023-11-17 04:56:54'),
(115, 1, 88, '2023-11-17 04:56:54', '2023-11-17 04:56:54'),
(116, 1, 89, '2023-11-17 04:56:54', '2023-11-17 04:56:54'),
(117, 3, 90, '2023-11-17 04:56:54', '2023-11-17 04:56:54'),
(118, 17, 91, '2023-11-17 04:56:54', '2023-11-17 04:56:54'),
(119, 15, 92, '2023-11-17 04:56:54', '2023-11-17 04:56:54'),
(120, 7, 93, '2023-11-17 04:56:54', '2023-11-17 04:56:54'),
(121, 9, 93, '2023-11-17 04:56:54', '2023-11-17 04:56:54'),
(122, 9, 94, '2023-11-17 04:56:54', '2023-11-17 04:56:54'),
(123, 2, 95, '2023-11-17 04:56:54', '2023-11-17 04:56:54'),
(124, 5, 96, '2023-11-17 04:56:54', '2023-11-17 04:56:54'),
(125, 16, 96, '2023-11-17 04:56:54', '2023-11-17 04:56:54'),
(126, 8, 97, '2023-11-17 04:56:54', '2023-11-17 04:56:54'),
(127, 16, 97, '2023-11-17 04:56:54', '2023-11-17 04:56:54'),
(128, 16, 98, '2023-11-17 04:56:54', '2023-11-17 04:56:54'),
(129, 17, 99, '2023-11-17 04:56:54', '2023-11-17 04:56:54'),
(130, 17, 100, '2023-11-17 04:56:54', '2023-11-17 04:56:54'),
(131, 9, 101, '2023-11-17 04:56:54', '2023-11-17 04:56:54'),
(132, 1, 102, '2023-11-17 04:56:54', '2023-11-17 04:56:54'),
(133, 1, 103, '2023-11-17 04:56:54', '2023-11-17 04:56:54'),
(134, 6, 103, '2023-11-17 04:56:54', '2023-11-17 04:56:54'),
(135, 1, 104, '2023-11-17 04:56:54', '2023-11-17 04:56:54'),
(136, 21, 105, '2023-11-17 04:56:54', '2023-11-17 04:56:54'),
(137, 6, 106, '2023-11-17 04:56:54', '2023-11-17 04:56:54'),
(138, 6, 107, '2023-11-17 04:56:54', '2023-11-17 04:56:54'),
(139, 6, 108, '2023-11-17 04:56:54', '2023-11-17 04:56:54'),
(140, 18, 109, '2023-11-17 04:56:54', '2023-11-17 04:56:54'),
(141, 18, 110, '2023-11-17 04:56:54', '2023-11-17 04:56:54'),
(142, 15, 111, '2023-11-17 04:56:54', '2023-11-17 04:56:54'),
(143, 15, 112, '2023-11-17 04:56:54', '2023-11-17 04:56:54'),
(144, 15, 113, '2023-11-17 04:56:54', '2023-11-17 04:56:54'),
(145, 15, 114, '2023-11-17 04:56:54', '2023-11-17 04:56:54'),
(146, 17, 114, '2023-11-17 04:56:54', '2023-11-17 04:56:54'),
(147, 17, 115, '2023-11-17 04:56:54', '2023-11-17 04:56:54'),
(148, 11, 116, '2023-11-17 04:56:54', '2023-11-17 04:56:54'),
(149, 16, 117, '2023-11-17 04:56:54', '2023-11-17 04:56:54'),
(150, 17, 118, '2023-11-17 04:56:54', '2023-11-17 04:56:54'),
(151, 4, 119, '2023-11-17 04:56:54', '2023-11-17 04:56:54'),
(152, 15, 120, '2023-11-17 04:56:54', '2023-11-17 04:56:54'),
(153, 7, 121, '2023-11-17 04:56:54', '2023-11-17 04:56:54'),
(154, 9, 122, '2023-11-17 04:56:54', '2023-11-17 04:56:54'),
(155, 7, 123, '2023-11-17 04:56:54', '2023-11-17 04:56:54'),
(156, 3, 124, '2023-11-17 04:56:54', '2023-11-17 04:56:54'),
(157, 19, 124, '2023-11-17 04:56:54', '2023-11-17 04:56:54'),
(158, 9, 125, '2023-11-17 04:56:54', '2023-11-17 04:56:54'),
(159, 9, 126, '2023-11-17 04:56:54', '2023-11-17 04:56:54'),
(160, 11, 127, '2023-11-17 04:56:54', '2023-11-17 04:56:54'),
(161, 14, 128, '2023-11-17 04:56:54', '2023-11-17 04:56:54'),
(162, 14, 129, '2023-11-17 04:56:54', '2023-11-17 04:56:54'),
(163, 8, 130, '2023-11-17 04:56:54', '2023-11-17 04:56:54'),
(164, 2, 131, '2023-11-17 04:56:54', '2023-11-17 04:56:54'),
(165, 11, 132, '2023-11-17 04:56:54', '2023-11-17 04:56:54'),
(166, 8, 133, '2023-11-17 04:56:54', '2023-11-17 04:56:54'),
(167, 14, 134, '2023-11-17 04:56:54', '2023-11-17 04:56:54'),
(168, 10, 134, '2023-11-17 04:56:54', '2023-11-17 04:56:54'),
(169, 7, 135, '2023-11-17 04:56:54', '2023-11-17 04:56:54'),
(170, 1, 136, '2023-11-17 04:56:54', '2023-11-17 04:56:54'),
(171, 1, 137, '2023-11-17 04:56:54', '2023-11-17 04:56:54'),
(172, 2, 138, '2023-11-17 04:56:54', '2023-11-17 04:56:54'),
(173, 2, 139, '2023-11-17 04:56:54', '2023-11-17 04:56:54'),
(174, 1, 140, '2023-11-17 04:56:54', '2023-11-17 04:56:54'),
(175, 1, 141, '2023-11-17 04:56:54', '2023-11-17 04:56:54'),
(176, 12, 142, '2023-11-17 04:56:54', '2023-11-17 04:56:54'),
(177, 8, 142, '2023-11-17 04:56:54', '2023-11-17 04:56:54'),
(178, 3, 144, '2023-11-17 04:56:54', '2023-11-17 04:56:54'),
(179, 5, 144, '2023-11-17 04:56:54', '2023-11-17 04:56:54'),
(180, 3, 145, '2023-11-17 04:56:54', '2023-11-17 04:56:54'),
(181, 12, 146, '2023-11-17 04:56:54', '2023-11-17 04:56:54'),
(182, 8, 146, '2023-11-17 04:56:54', '2023-11-17 04:56:54'),
(183, 5, 147, '2023-11-17 04:56:54', '2023-11-17 04:56:54'),
(184, 12, 148, '2023-11-17 04:56:54', '2023-11-17 04:56:54'),
(185, 12, 149, '2023-11-17 04:56:54', '2023-11-17 04:56:54'),
(186, 12, 150, '2023-11-17 04:56:54', '2023-11-17 04:56:54'),
(187, 12, 151, '2023-11-17 04:56:54', '2023-11-17 04:56:54'),
(188, 12, 152, '2023-11-17 04:56:54', '2023-11-17 04:56:54'),
(189, 12, 153, '2023-11-17 04:56:54', '2023-11-17 04:56:54'),
(190, 12, 154, '2023-11-17 04:56:54', '2023-11-17 04:56:54'),
(191, 12, 155, '2023-11-17 04:56:54', '2023-11-17 04:56:54'),
(192, 12, 156, '2023-11-17 04:56:54', '2023-11-17 04:56:54'),
(193, 12, 157, '2023-11-17 04:56:54', '2023-11-17 04:56:54'),
(194, 12, 158, '2023-11-17 04:56:54', '2023-11-17 04:56:54'),
(195, 12, 159, '2023-11-17 04:56:54', '2023-11-17 04:56:54'),
(196, 12, 160, '2023-11-17 04:56:54', '2023-11-17 04:56:54'),
(197, 12, 161, '2023-11-17 04:56:54', '2023-11-17 04:56:54'),
(198, 12, 162, '2023-11-17 04:56:54', '2023-11-17 04:56:54'),
(199, 12, 163, '2023-11-17 04:56:54', '2023-11-17 04:56:54'),
(200, 12, 164, '2023-11-17 04:56:54', '2023-11-17 04:56:54'),
(201, 12, 165, '2023-11-17 04:56:54', '2023-11-17 04:56:54'),
(202, 12, 166, '2023-11-17 04:56:54', '2023-11-17 04:56:54'),
(203, 12, 167, '2023-11-17 04:56:54', '2023-11-17 04:56:54'),
(204, 12, 168, '2023-11-17 04:56:54', '2023-11-17 04:56:54'),
(205, 12, 169, '2023-11-17 04:56:54', '2023-11-17 04:56:54'),
(206, 12, 170, '2023-11-17 04:56:54', '2023-11-17 04:56:54'),
(207, 12, 171, '2023-11-17 04:56:54', '2023-11-17 04:56:54'),
(208, 12, 172, '2023-11-17 04:56:54', '2023-11-17 04:56:54'),
(209, 12, 173, '2023-11-17 04:56:54', '2023-11-17 04:56:54'),
(210, 12, 174, '2023-11-17 04:56:54', '2023-11-17 04:56:54'),
(211, 12, 175, '2023-11-17 04:56:54', '2023-11-17 04:56:54'),
(212, 12, 176, '2023-11-17 04:56:54', '2023-11-17 04:56:54'),
(213, 12, 177, '2023-11-17 04:56:54', '2023-11-17 04:56:54'),
(214, 12, 178, '2023-11-17 04:56:54', '2023-11-17 04:56:54'),
(215, 12, 179, '2023-11-17 04:56:54', '2023-11-17 04:56:54'),
(216, 12, 180, '2023-11-17 04:56:54', '2023-11-17 04:56:54'),
(217, 12, 181, '2023-11-17 04:56:54', '2023-11-17 04:56:54'),
(218, 12, 182, '2023-11-17 04:56:54', '2023-11-17 04:56:54'),
(219, 12, 183, '2023-11-17 04:56:54', '2023-11-17 04:56:54'),
(220, 12, 184, '2023-11-17 04:56:54', '2023-11-17 04:56:54'),
(221, 12, 185, '2023-11-17 04:56:54', '2023-11-17 04:56:54'),
(222, 12, 186, '2023-11-17 04:56:54', '2023-11-17 04:56:54'),
(223, 12, 187, '2023-11-17 04:56:54', '2023-11-17 04:56:54'),
(224, 12, 188, '2023-11-17 04:56:54', '2023-11-17 04:56:54'),
(225, 12, 189, '2023-11-17 04:56:54', '2023-11-17 04:56:54'),
(226, 12, 190, '2023-11-17 04:56:54', '2023-11-17 04:56:54'),
(227, 12, 191, '2023-11-17 04:56:54', '2023-11-17 04:56:54'),
(228, 12, 192, '2023-11-17 04:56:54', '2023-11-17 04:56:54'),
(229, 12, 193, '2023-11-17 04:56:54', '2023-11-17 04:56:54'),
(230, 12, 194, '2023-11-17 04:56:54', '2023-11-17 04:56:54'),
(231, 12, 195, '2023-11-17 04:56:54', '2023-11-17 04:56:54'),
(232, 12, 196, '2023-11-17 04:56:54', '2023-11-17 04:56:54'),
(233, 12, 197, '2023-11-17 04:56:54', '2023-11-17 04:56:54'),
(234, 12, 198, '2023-11-17 04:56:54', '2023-11-17 04:56:54'),
(235, 12, 199, '2023-11-17 04:56:54', '2023-11-17 04:56:54'),
(236, 12, 200, '2023-11-17 04:56:54', '2023-11-17 04:56:54'),
(237, 12, 201, '2023-11-17 04:56:54', '2023-11-17 04:56:54'),
(238, 12, 202, '2023-11-17 04:56:54', '2023-11-17 04:56:54'),
(239, 12, 203, '2023-11-17 04:56:54', '2023-11-17 04:56:54'),
(240, 12, 204, '2023-11-17 04:56:54', '2023-11-17 04:56:54'),
(241, 12, 205, '2023-11-17 04:56:54', '2023-11-17 04:56:54'),
(242, 12, 206, '2023-11-17 04:56:55', '2023-11-17 04:56:55'),
(243, 12, 207, '2023-11-17 04:56:55', '2023-11-17 04:56:55'),
(244, 12, 208, '2023-11-17 04:56:55', '2023-11-17 04:56:55'),
(245, 12, 209, '2023-11-17 04:56:55', '2023-11-17 04:56:55'),
(246, 12, 210, '2023-11-17 04:56:55', '2023-11-17 04:56:55'),
(247, 12, 211, '2023-11-17 04:56:55', '2023-11-17 04:56:55'),
(248, 12, 212, '2023-11-17 04:56:55', '2023-11-17 04:56:55'),
(249, 12, 213, '2023-11-17 04:56:55', '2023-11-17 04:56:55'),
(250, 12, 214, '2023-11-17 04:56:55', '2023-11-17 04:56:55'),
(251, 12, 215, '2023-11-17 04:56:55', '2023-11-17 04:56:55'),
(252, 12, 216, '2023-11-17 04:56:55', '2023-11-17 04:56:55'),
(253, 12, 217, '2023-11-17 04:56:55', '2023-11-17 04:56:55'),
(254, 12, 218, '2023-11-17 04:56:55', '2023-11-17 04:56:55'),
(255, 12, 219, '2023-11-17 04:56:55', '2023-11-17 04:56:55'),
(256, 12, 220, '2023-11-17 04:56:55', '2023-11-17 04:56:55'),
(257, 12, 221, '2023-11-17 04:56:55', '2023-11-17 04:56:55'),
(258, 12, 222, '2023-11-17 04:56:55', '2023-11-17 04:56:55'),
(259, 12, 223, '2023-11-17 04:56:55', '2023-11-17 04:56:55'),
(260, 12, 224, '2023-11-17 04:56:55', '2023-11-17 04:56:55'),
(261, 18, 225, '2023-11-17 04:56:55', '2023-11-17 04:56:55'),
(262, 12, 226, '2023-11-17 04:56:55', '2023-11-17 04:56:55'),
(263, 12, 227, '2023-11-17 04:56:55', '2023-11-17 04:56:55'),
(264, 12, 228, '2023-11-17 04:56:55', '2023-11-17 04:56:55'),
(265, 12, 229, '2023-11-17 04:56:55', '2023-11-17 04:56:55'),
(266, 12, 230, '2023-11-17 04:56:55', '2023-11-17 04:56:55'),
(267, 12, 231, '2023-11-17 04:56:55', '2023-11-17 04:56:55'),
(268, 12, 232, '2023-11-17 04:56:55', '2023-11-17 04:56:55'),
(269, 12, 233, '2023-11-17 04:56:55', '2023-11-17 04:56:55'),
(270, 12, 234, '2023-11-17 04:56:55', '2023-11-17 04:56:55'),
(271, 12, 235, '2023-11-17 04:56:55', '2023-11-17 04:56:55'),
(272, 12, 236, '2023-11-17 04:56:55', '2023-11-17 04:56:55'),
(273, 12, 237, '2023-11-17 04:56:55', '2023-11-17 04:56:55'),
(274, 12, 238, '2023-11-17 04:56:55', '2023-11-17 04:56:55'),
(275, 12, 239, '2023-11-17 04:56:55', '2023-11-17 04:56:55'),
(276, 12, 240, '2023-11-17 04:56:55', '2023-11-17 04:56:55'),
(277, 12, 241, '2023-11-17 04:56:55', '2023-11-17 04:56:55'),
(278, 12, 242, '2023-11-17 04:56:55', '2023-11-17 04:56:55'),
(279, 12, 243, '2023-11-17 04:56:55', '2023-11-17 04:56:55'),
(280, 12, 244, '2023-11-17 04:56:55', '2023-11-17 04:56:55'),
(281, 12, 245, '2023-11-17 04:56:55', '2023-11-17 04:56:55'),
(282, 12, 246, '2023-11-17 04:56:55', '2023-11-17 04:56:55'),
(283, 12, 247, '2023-11-17 04:56:55', '2023-11-17 04:56:55'),
(284, 12, 248, '2023-11-17 04:56:55', '2023-11-17 04:56:55'),
(285, 12, 249, '2023-11-17 04:56:55', '2023-11-17 04:56:55'),
(286, 12, 250, '2023-11-17 04:56:55', '2023-11-17 04:56:55'),
(287, 12, 251, '2023-11-17 04:56:55', '2023-11-17 04:56:55'),
(288, 12, 252, '2023-11-17 04:56:55', '2023-11-17 04:56:55'),
(289, 12, 253, '2023-11-17 04:56:55', '2023-11-17 04:56:55'),
(290, 12, 254, '2023-11-17 04:56:55', '2023-11-17 04:56:55'),
(291, 12, 255, '2023-11-17 04:56:55', '2023-11-17 04:56:55'),
(292, 12, 256, '2023-11-17 04:56:55', '2023-11-17 04:56:55'),
(293, 12, 257, '2023-11-17 04:56:55', '2023-11-17 04:56:55'),
(294, 12, 258, '2023-11-17 04:56:55', '2023-11-17 04:56:55'),
(295, 12, 259, '2023-11-17 04:56:55', '2023-11-17 04:56:55'),
(296, 12, 260, '2023-11-17 04:56:55', '2023-11-17 04:56:55'),
(297, 12, 261, '2023-11-17 04:56:55', '2023-11-17 04:56:55'),
(298, 12, 262, '2023-11-17 04:56:55', '2023-11-17 04:56:55'),
(299, 12, 263, '2023-11-17 04:56:55', '2023-11-17 04:56:55'),
(300, 12, 264, '2023-11-17 04:56:55', '2023-11-17 04:56:55'),
(301, 12, 265, '2023-11-17 04:56:55', '2023-11-17 04:56:55'),
(302, 12, 266, '2023-11-17 04:56:55', '2023-11-17 04:56:55'),
(303, 12, 267, '2023-11-17 04:56:55', '2023-11-17 04:56:55'),
(304, 12, 268, '2023-11-17 04:56:55', '2023-11-17 04:56:55'),
(305, 12, 269, '2023-11-17 04:56:55', '2023-11-17 04:56:55'),
(306, 12, 270, '2023-11-17 04:56:55', '2023-11-17 04:56:55'),
(307, 12, 271, '2023-11-17 04:56:55', '2023-11-17 04:56:55'),
(308, 12, 272, '2023-11-17 04:56:56', '2023-11-17 04:56:56'),
(309, 12, 273, '2023-11-17 04:56:56', '2023-11-17 04:56:56'),
(310, 12, 274, '2023-11-17 04:56:56', '2023-11-17 04:56:56'),
(311, 12, 275, '2023-11-17 04:56:56', '2023-11-17 04:56:56'),
(312, 12, 276, '2023-11-17 04:56:56', '2023-11-17 04:56:56'),
(313, 12, 277, '2023-11-17 04:56:56', '2023-11-17 04:56:56'),
(314, 12, 278, '2023-11-17 04:56:56', '2023-11-17 04:56:56'),
(315, 12, 279, '2023-11-17 04:56:56', '2023-11-17 04:56:56'),
(316, 12, 280, '2023-11-17 04:56:56', '2023-11-17 04:56:56'),
(317, 12, 281, '2023-11-17 04:56:56', '2023-11-17 04:56:56'),
(318, 12, 282, '2023-11-17 04:56:56', '2023-11-17 04:56:56'),
(319, 1, 283, '2023-11-17 04:56:56', '2023-11-17 04:56:56'),
(320, 1, 284, '2023-11-17 04:56:56', '2023-11-17 04:56:56'),
(321, 1, 285, '2023-11-17 04:56:56', '2023-11-17 04:56:56'),
(322, 1, 286, '2023-11-17 04:56:56', '2023-11-17 04:56:56'),
(323, 1, 287, '2023-11-17 04:56:56', '2023-11-17 04:56:56'),
(324, 1, 288, '2023-11-17 04:56:56', '2023-11-17 04:56:56'),
(325, 1, 289, '2023-11-17 04:56:56', '2023-11-17 04:56:56'),
(326, 12, 290, '2023-11-17 04:56:56', '2023-11-17 04:56:56'),
(327, 12, 291, '2023-11-17 04:56:56', '2023-11-17 04:56:56'),
(328, 12, 292, '2023-11-17 04:56:56', '2023-11-17 04:56:56'),
(329, 18, 293, '2023-11-17 04:56:56', '2023-11-17 04:56:56'),
(330, 12, 294, '2023-11-17 04:56:56', '2023-11-17 04:56:56'),
(331, 12, 295, '2023-11-17 04:56:56', '2023-11-17 04:56:56'),
(332, 12, 296, '2023-11-17 04:56:56', '2023-11-17 04:56:56'),
(333, 12, 297, '2023-11-17 04:56:56', '2023-11-17 04:56:56'),
(334, 12, 298, '2023-11-17 04:56:56', '2023-11-17 04:56:56'),
(335, 12, 299, '2023-11-17 04:56:56', '2023-11-17 04:56:56'),
(336, 12, 300, '2023-11-17 04:56:56', '2023-11-17 04:56:56'),
(337, 12, 301, '2023-11-17 04:56:56', '2023-11-17 04:56:56'),
(338, 12, 302, '2023-11-17 04:56:56', '2023-11-17 04:56:56'),
(339, 12, 303, '2023-11-17 04:56:56', '2023-11-17 04:56:56'),
(340, 12, 304, '2023-11-17 04:56:56', '2023-11-17 04:56:56'),
(341, 12, 305, '2023-11-17 04:56:56', '2023-11-17 04:56:56'),
(342, 12, 306, '2023-11-17 04:56:56', '2023-11-17 04:56:56'),
(343, 12, 307, '2023-11-17 04:56:56', '2023-11-17 04:56:56'),
(344, 12, 308, '2023-11-17 04:56:56', '2023-11-17 04:56:56'),
(345, 12, 309, '2023-11-17 04:56:56', '2023-11-17 04:56:56'),
(346, 12, 310, '2023-11-17 04:56:56', '2023-11-17 04:56:56'),
(347, 12, 311, '2023-11-17 04:56:56', '2023-11-17 04:56:56'),
(348, 12, 312, '2023-11-17 04:56:57', '2023-11-17 04:56:57'),
(349, 12, 313, '2023-11-17 04:56:57', '2023-11-17 04:56:57'),
(350, 12, 314, '2023-11-17 04:56:57', '2023-11-17 04:56:57'),
(351, 12, 315, '2023-11-17 04:56:57', '2023-11-17 04:56:57');

-- --------------------------------------------------------

--
-- Struktur dari tabel `kecamatan_to_jembatans`
--

CREATE TABLE `kecamatan_to_jembatans` (
  `id` bigint(20) UNSIGNED NOT NULL,
  `kecamatan_id` bigint(20) UNSIGNED NOT NULL,
  `infrastruktur_jembatan_id` bigint(20) UNSIGNED NOT NULL,
  `created_at` timestamp NULL DEFAULT NULL,
  `updated_at` timestamp NULL DEFAULT NULL
) ENGINE=InnoDB DEFAULT CHARSET=utf8mb4 COLLATE=utf8mb4_unicode_ci;

-- --------------------------------------------------------

--
-- Struktur dari tabel `kelompok_masyarakat_tanis`
--

CREATE TABLE `kelompok_masyarakat_tanis` (
  `id` bigint(20) UNSIGNED NOT NULL,
  `desa_id` bigint(20) UNSIGNED NOT NULL,
  `nama` varchar(255) NOT NULL,
  `ketua` varchar(255) DEFAULT NULL,
  `created_at` timestamp NULL DEFAULT NULL,
  `updated_at` timestamp NULL DEFAULT NULL
) ENGINE=InnoDB DEFAULT CHARSET=utf8mb4 COLLATE=utf8mb4_unicode_ci;

-- --------------------------------------------------------

--
-- Struktur dari tabel `kesehatan_polis`
--

CREATE TABLE `kesehatan_polis` (
  `id` bigint(20) UNSIGNED NOT NULL,
  `nama` varchar(255) NOT NULL,
  `created_at` timestamp NULL DEFAULT NULL,
  `updated_at` timestamp NULL DEFAULT NULL
) ENGINE=InnoDB DEFAULT CHARSET=utf8mb4 COLLATE=utf8mb4_unicode_ci;

--
-- Dumping data untuk tabel `kesehatan_polis`
--

INSERT INTO `kesehatan_polis` (`id`, `nama`, `created_at`, `updated_at`) VALUES
(1, 'umum', NULL, NULL),
(2, 'anak', NULL, NULL),
(3, 'kia', NULL, NULL),
(4, 'jiwa', NULL, NULL);

-- --------------------------------------------------------

--
-- Struktur dari tabel `komoditas_lahans`
--

CREATE TABLE `komoditas_lahans` (
  `id` bigint(20) UNSIGNED NOT NULL,
  `nama` varchar(255) NOT NULL,
  `thumbnail` varchar(255) DEFAULT NULL,
  `created_at` timestamp NULL DEFAULT NULL,
  `updated_at` timestamp NULL DEFAULT NULL
) ENGINE=InnoDB DEFAULT CHARSET=utf8mb4 COLLATE=utf8mb4_unicode_ci;

-- --------------------------------------------------------

--
-- Struktur dari tabel `komoditas_pasars`
--

CREATE TABLE `komoditas_pasars` (
  `id` bigint(20) UNSIGNED NOT NULL,
  `nama` varchar(255) NOT NULL,
  `foto` text DEFAULT NULL,
  `created_at` timestamp NULL DEFAULT NULL,
  `updated_at` timestamp NULL DEFAULT NULL
) ENGINE=InnoDB DEFAULT CHARSET=utf8mb4 COLLATE=utf8mb4_unicode_ci;

-- --------------------------------------------------------

--
-- Struktur dari tabel `komoditas_pasar_to_penjuals`
--

CREATE TABLE `komoditas_pasar_to_penjuals` (
  `id` bigint(20) UNSIGNED NOT NULL,
  `penjual_id` bigint(20) UNSIGNED NOT NULL,
  `komoditas_pasar_id` bigint(20) UNSIGNED NOT NULL,
  `created_at` timestamp NULL DEFAULT NULL,
  `updated_at` timestamp NULL DEFAULT NULL
) ENGINE=InnoDB DEFAULT CHARSET=utf8mb4 COLLATE=utf8mb4_unicode_ci;

-- --------------------------------------------------------

--
-- Struktur dari tabel `lahan_pertanians`
--

CREATE TABLE `lahan_pertanians` (
  `id` bigint(20) UNSIGNED NOT NULL,
  `desa_id` bigint(20) UNSIGNED NOT NULL,
  `anggota_kelompok_masyarakat_tani_id` bigint(20) UNSIGNED NOT NULL,
  `jenis_lahan_id` bigint(20) UNSIGNED NOT NULL,
  `luas` int(11) NOT NULL DEFAULT 0,
  `created_at` timestamp NULL DEFAULT NULL,
  `updated_at` timestamp NULL DEFAULT NULL
) ENGINE=InnoDB DEFAULT CHARSET=utf8mb4 COLLATE=utf8mb4_unicode_ci;

-- --------------------------------------------------------

--
-- Struktur dari tabel `lampiran_status_jalans`
--

CREATE TABLE `lampiran_status_jalans` (
  `id` bigint(20) UNSIGNED NOT NULL,
  `status_jalan_id` bigint(20) UNSIGNED NOT NULL,
  `location` varchar(255) NOT NULL,
  `nama_file` varchar(255) NOT NULL,
  `nama_url` varchar(255) NOT NULL,
  `keterangan` text NOT NULL,
  `created_at` timestamp NULL DEFAULT NULL,
  `updated_at` timestamp NULL DEFAULT NULL
) ENGINE=InnoDB DEFAULT CHARSET=utf8mb4 COLLATE=utf8mb4_unicode_ci;

-- --------------------------------------------------------

--
-- Struktur dari tabel `lampiran_status_jembatans`
--

CREATE TABLE `lampiran_status_jembatans` (
  `id` bigint(20) UNSIGNED NOT NULL,
  `status_jembatan_id` bigint(20) UNSIGNED NOT NULL,
  `location` varchar(255) NOT NULL,
  `nama_file` varchar(255) NOT NULL,
  `nama_url` varchar(255) NOT NULL,
  `keterangan` text NOT NULL,
  `created_at` timestamp NULL DEFAULT NULL,
  `updated_at` timestamp NULL DEFAULT NULL
) ENGINE=InnoDB DEFAULT CHARSET=utf8mb4 COLLATE=utf8mb4_unicode_ci;

-- --------------------------------------------------------

--
-- Struktur dari tabel `migrations`
--

CREATE TABLE `migrations` (
  `id` int(10) UNSIGNED NOT NULL,
  `migration` varchar(255) NOT NULL,
  `batch` int(11) NOT NULL
) ENGINE=InnoDB DEFAULT CHARSET=utf8mb4 COLLATE=utf8mb4_unicode_ci;

--
-- Dumping data untuk tabel `migrations`
--

INSERT INTO `migrations` (`id`, `migration`, `batch`) VALUES
(573, '2019_12_14_000001_create_personal_access_tokens_table', 1),
(574, '2023_09_06_055830_create_kecamatans_table', 1),
(575, '2023_09_06_064954_create_desas_table', 1),
(576, '2023_09_06_065253_create_infrastruktur_jalans_table', 1),
(577, '2023_09_06_065333_create_infrastruktur_jembatans_table', 1),
(578, '2023_09_06_065843_create_status_jalans_table', 1),
(579, '2023_09_06_065907_create_status_jembatans_table', 1),
(580, '2023_09_06_065955_create_lampiran_status_jalans_table', 1),
(581, '2023_09_06_070015_create_lampiran_status_jembatans_table', 1),
(582, '2023_09_06_070138_create_desa_to_jalans_table', 1),
(583, '2023_09_06_070157_create_desa_to_jembatans_table', 1),
(584, '2023_09_06_071703_create_tempat_wisatas_table', 1),
(585, '2023_09_06_071730_create_pengunjung_wisatas_table', 1),
(586, '2023_09_06_071804_create_foto_wisatas_table', 1),
(587, '2023_09_06_072249_create_desa_to_wisatas_table', 1),
(588, '2023_09_06_085618_create_jenis_sekolahs_table', 1),
(589, '2023_09_06_085641_create_sekolahs_table', 1),
(590, '2023_09_06_085709_create_guru_sekolahs_table', 1),
(591, '2023_09_06_085733_create_murid_sekolahs_table', 1),
(592, '2023_09_06_085755_create_foto_sekolahs_table', 1),
(593, '2023_09_06_085844_create_prestasi_sekolahs_table', 1),
(594, '2023_09_06_090234_create_desa_to_sekolahs_table', 1),
(595, '2023_09_21_121454_create_jenis_lahans_table', 1),
(596, '2023_09_21_121540_create_kelompok_masyarakat_tanis_table', 1),
(597, '2023_09_21_121553_create_anggota_kelompok_masyarakat_tanis_table', 1),
(598, '2023_09_21_121613_create_lahan_pertanians_table', 1),
(599, '2023_09_21_121625_create_komoditas_lahans_table', 1),
(600, '2023_09_21_122828_create_panen_lahans_table', 1),
(601, '2023_10_04_135245_create_kesehatan_polis_table', 1),
(602, '2023_10_04_135306_create_jenis_fasyankes_table', 1),
(603, '2023_10_04_135325_create_fasyankes_table', 1),
(604, '2023_10_04_135356_create_poli_to_fasyankes_table', 1),
(605, '2023_10_08_121552_create_jenis_pasars_table', 1),
(606, '2023_10_08_121600_create_pasars_table', 1),
(607, '2023_10_08_121610_create_penjuals_table', 1),
(608, '2023_10_08_121619_create_komoditas_pasars_table', 1),
(609, '2023_10_08_122246_create_komoditas_pasar_to_penjuals_table', 1),
(610, '2023_10_15_130653_create_tenaga_kesehatans_table', 1),
(611, '2023_10_25_133329_create_routing_groups_table', 1),
(612, '2023_10_25_133335_create_menus_table', 1),
(613, '2023_10_25_133336_create_routes_table', 1),
(614, '2023_10_25_133346_create_credentials_table', 1),
(615, '2023_11_05_164227_create_credential_to_routes_table', 1),
(616, '2023_11_05_175832_create_users_table', 1),
(617, '2023_11_06_130949_create_kecamatan_to_jalans_table', 1),
(618, '2023_11_06_131148_create_kecamatan_to_jembatans_table', 1),
(619, '2023_11_07_003310_create_file_jalans_table', 1),
(620, '2023_11_07_010335_create_file_jembatans_table', 1),
(621, '2023_11_12_062335_create_file_jalan_contents_table', 1),
(622, '2023_11_12_062832_create_file_jembatan_contents_table', 1),
(623, '2023_11_14_123734_create_file_nakes_table', 1),
(624, '2023_11_14_123917_create_file_nakes_contents_table', 1);

-- --------------------------------------------------------

--
-- Struktur dari tabel `murid_sekolahs`
--

CREATE TABLE `murid_sekolahs` (
  `id` bigint(20) UNSIGNED NOT NULL,
  `sekolah_id` bigint(20) UNSIGNED NOT NULL,
  `kelas` varchar(255) NOT NULL,
  `jumlah` int(11) NOT NULL,
  `tahun_ajaran` int(11) NOT NULL,
  `created_at` timestamp NULL DEFAULT NULL,
  `updated_at` timestamp NULL DEFAULT NULL
) ENGINE=InnoDB DEFAULT CHARSET=utf8mb4 COLLATE=utf8mb4_unicode_ci;

-- --------------------------------------------------------

--
-- Struktur dari tabel `panen_lahans`
--

CREATE TABLE `panen_lahans` (
  `id` bigint(20) UNSIGNED NOT NULL,
  `lahan_pertanian_id` bigint(20) UNSIGNED NOT NULL,
  `komoditas_lahan_id` bigint(20) UNSIGNED NOT NULL,
  `jumlah` int(11) NOT NULL,
  `pendapatan` int(11) NOT NULL,
  `bulan_data` varchar(255) NOT NULL,
  `created_at` timestamp NULL DEFAULT NULL,
  `updated_at` timestamp NULL DEFAULT NULL
) ENGINE=InnoDB DEFAULT CHARSET=utf8mb4 COLLATE=utf8mb4_unicode_ci;

-- --------------------------------------------------------

--
-- Struktur dari tabel `pasars`
--

CREATE TABLE `pasars` (
  `id` bigint(20) UNSIGNED NOT NULL,
  `jenis_pasar_id` bigint(20) UNSIGNED NOT NULL,
  `desa_id` bigint(20) UNSIGNED NOT NULL,
  `nama` varchar(255) NOT NULL,
  `deskripsi` text NOT NULL,
  `created_at` timestamp NULL DEFAULT NULL,
  `updated_at` timestamp NULL DEFAULT NULL
) ENGINE=InnoDB DEFAULT CHARSET=utf8mb4 COLLATE=utf8mb4_unicode_ci;

-- --------------------------------------------------------

--
-- Struktur dari tabel `pengunjung_wisatas`
--

CREATE TABLE `pengunjung_wisatas` (
  `id` bigint(20) UNSIGNED NOT NULL,
  `tempat_wisata_id` bigint(20) UNSIGNED NOT NULL,
  `tanggal_data` varchar(255) NOT NULL,
  `harga` int(11) NOT NULL,
  `pengunjung` int(11) NOT NULL,
  `keterangan` varchar(255) NOT NULL,
  `created_at` timestamp NULL DEFAULT NULL,
  `updated_at` timestamp NULL DEFAULT NULL
) ENGINE=InnoDB DEFAULT CHARSET=utf8mb4 COLLATE=utf8mb4_unicode_ci;

-- --------------------------------------------------------

--
-- Struktur dari tabel `penjuals`
--

CREATE TABLE `penjuals` (
  `id` bigint(20) UNSIGNED NOT NULL,
  `pasar_id` bigint(20) UNSIGNED NOT NULL,
  `nama` varchar(255) NOT NULL,
  `alamat` text NOT NULL,
  `created_at` timestamp NULL DEFAULT NULL,
  `updated_at` timestamp NULL DEFAULT NULL
) ENGINE=InnoDB DEFAULT CHARSET=utf8mb4 COLLATE=utf8mb4_unicode_ci;

-- --------------------------------------------------------

--
-- Struktur dari tabel `personal_access_tokens`
--

CREATE TABLE `personal_access_tokens` (
  `id` bigint(20) UNSIGNED NOT NULL,
  `tokenable_type` varchar(255) NOT NULL,
  `tokenable_id` bigint(20) UNSIGNED NOT NULL,
  `name` varchar(255) NOT NULL,
  `token` varchar(64) NOT NULL,
  `abilities` text DEFAULT NULL,
  `last_used_at` timestamp NULL DEFAULT NULL,
  `expires_at` timestamp NULL DEFAULT NULL,
  `created_at` timestamp NULL DEFAULT NULL,
  `updated_at` timestamp NULL DEFAULT NULL
) ENGINE=InnoDB DEFAULT CHARSET=utf8mb4 COLLATE=utf8mb4_unicode_ci;

-- --------------------------------------------------------

--
-- Struktur dari tabel `poli_to_fasyankes`
--

CREATE TABLE `poli_to_fasyankes` (
  `id` bigint(20) UNSIGNED NOT NULL,
  `kesehatan_poli_id` bigint(20) UNSIGNED NOT NULL,
  `fasyankes_id` bigint(20) UNSIGNED NOT NULL,
  `created_at` timestamp NULL DEFAULT NULL,
  `updated_at` timestamp NULL DEFAULT NULL
) ENGINE=InnoDB DEFAULT CHARSET=utf8mb4 COLLATE=utf8mb4_unicode_ci;

-- --------------------------------------------------------

--
-- Struktur dari tabel `prestasi_sekolahs`
--

CREATE TABLE `prestasi_sekolahs` (
  `id` bigint(20) UNSIGNED NOT NULL,
  `sekolah_id` bigint(20) UNSIGNED NOT NULL,
  `nama` varchar(255) NOT NULL,
  `rank` varchar(255) NOT NULL,
  `level` varchar(255) NOT NULL,
  `created_at` timestamp NULL DEFAULT NULL,
  `updated_at` timestamp NULL DEFAULT NULL
) ENGINE=InnoDB DEFAULT CHARSET=utf8mb4 COLLATE=utf8mb4_unicode_ci;

-- --------------------------------------------------------

--
-- Struktur dari tabel `sekolahs`
--

CREATE TABLE `sekolahs` (
  `id` bigint(20) UNSIGNED NOT NULL,
  `jenis_sekolah_id` bigint(20) UNSIGNED NOT NULL,
  `nama` varchar(255) NOT NULL,
  `thumbnail` varchar(255) DEFAULT NULL,
  `created_at` timestamp NULL DEFAULT NULL,
  `updated_at` timestamp NULL DEFAULT NULL
) ENGINE=InnoDB DEFAULT CHARSET=utf8mb4 COLLATE=utf8mb4_unicode_ci;

-- --------------------------------------------------------

--
-- Struktur dari tabel `status_jalans`
--

CREATE TABLE `status_jalans` (
  `id` bigint(20) UNSIGNED NOT NULL,
  `infrastruktur_jalan_id` bigint(20) UNSIGNED NOT NULL,
  `status` varchar(255) NOT NULL,
  `tanggal_data` varchar(255) NOT NULL,
  `bahan_aspal` double(8,2) NOT NULL,
  `bahan_lapen` double(8,2) NOT NULL,
  `bahan_rabat` double(8,2) NOT NULL,
  `bahan_telford` double(8,2) NOT NULL,
  `bahan_tanah` double(8,2) NOT NULL,
  `kondisi_baik` double(8,2) NOT NULL,
  `kondisi_sedang` double(8,2) NOT NULL,
  `kondisi_rusakringan` double(8,2) NOT NULL,
  `kondisi_rusakberat` double(8,2) NOT NULL,
  `kondisi_total` double(8,2) NOT NULL,
  `file_jalan_id` bigint(20) UNSIGNED DEFAULT NULL,
  `created_at` timestamp NULL DEFAULT NULL,
  `updated_at` timestamp NULL DEFAULT NULL
) ENGINE=InnoDB DEFAULT CHARSET=utf8mb4 COLLATE=utf8mb4_unicode_ci;

--
-- Dumping data untuk tabel `status_jalans`
--

INSERT INTO `status_jalans` (`id`, `infrastruktur_jalan_id`, `status`, `tanggal_data`, `bahan_aspal`, `bahan_lapen`, `bahan_rabat`, `bahan_telford`, `bahan_tanah`, `kondisi_baik`, `kondisi_sedang`, `kondisi_rusakringan`, `kondisi_rusakberat`, `kondisi_total`, `file_jalan_id`, `created_at`, `updated_at`) VALUES
(1, 1, 'uploaded', '2023-11-17', 2.00, 0.00, 0.00, 0.00, 0.00, 0.70, 1.00, 0.10, 0.20, 3.00, 1, '2023-11-17 04:56:53', '2023-11-17 04:56:53'),
(2, 2, 'uploaded', '2023-11-17', 7.30, 0.00, 0.00, 0.00, 0.00, 5.80, 0.80, 0.20, 0.50, 8.10, 1, '2023-11-17 04:56:53', '2023-11-17 04:56:53'),
(3, 3, 'uploaded', '2023-11-17', 3.60, 0.00, 1.10, 0.00, 0.00, 3.10, 1.60, 0.00, 0.00, 6.30, 1, '2023-11-17 04:56:53', '2023-11-17 04:56:53'),
(4, 4, 'uploaded', '2023-11-17', 1.20, 0.00, 1.00, 0.00, 0.00, 2.00, 0.00, 0.20, 0.00, 2.20, 1, '2023-11-17 04:56:53', '2023-11-17 04:56:53'),
(5, 5, 'uploaded', '2023-11-17', 3.30, 0.00, 0.20, 0.00, 0.00, 1.99, 1.07, 0.44, 0.00, 4.57, 1, '2023-11-17 04:56:53', '2023-11-17 04:56:53'),
(6, 6, 'uploaded', '2023-11-17', 6.20, 0.00, 0.40, 0.00, 0.00, 4.66, 1.74, 0.00, 0.20, 8.34, 1, '2023-11-17 04:56:53', '2023-11-17 04:56:53'),
(7, 7, 'uploaded', '2023-11-17', 11.00, 0.00, 0.00, 0.00, 0.00, 6.60, 2.80, 1.60, 0.00, 13.80, 1, '2023-11-17 04:56:53', '2023-11-17 04:56:53'),
(8, 8, 'uploaded', '2023-11-17', 2.20, 0.00, 0.00, 0.00, 0.00, 1.00, 1.20, 0.00, 0.00, 3.40, 1, '2023-11-17 04:56:53', '2023-11-17 04:56:53'),
(9, 9, 'uploaded', '2023-11-17', 2.00, 0.00, 0.00, 0.00, 0.00, 1.00, 1.00, 0.00, 0.00, 3.00, 1, '2023-11-17 04:56:53', '2023-11-17 04:56:53'),
(10, 10, 'uploaded', '2023-11-17', 1.60, 0.00, 0.00, 0.00, 0.00, 1.20, 0.40, 0.00, 0.00, 2.00, 1, '2023-11-17 04:56:53', '2023-11-17 04:56:53'),
(11, 11, 'uploaded', '2023-11-17', 7.70, 0.00, 0.00, 0.00, 0.00, 5.46, 2.24, 0.00, 0.00, 9.94, 1, '2023-11-17 04:56:53', '2023-11-17 04:56:53'),
(12, 12, 'uploaded', '2023-11-17', 14.50, 0.00, 0.00, 0.00, 0.00, 10.90, 3.60, 0.00, 0.00, 18.10, 1, '2023-11-17 04:56:53', '2023-11-17 04:56:53'),
(13, 13, 'uploaded', '2023-11-17', 5.60, 0.00, 0.00, 0.00, 0.00, 2.20, 3.00, 0.40, 0.00, 8.60, 1, '2023-11-17 04:56:53', '2023-11-17 04:56:53'),
(14, 14, 'uploaded', '2023-11-17', 2.20, 0.60, 1.20, 0.00, 0.00, 2.25, 1.75, 0.00, 0.00, 5.75, 1, '2023-11-17 04:56:53', '2023-11-17 04:56:53'),
(15, 15, 'uploaded', '2023-11-17', 7.80, 0.00, 5.00, 0.00, 0.00, 6.06, 6.44, 0.10, 0.20, 19.24, 1, '2023-11-17 04:56:53', '2023-11-17 04:56:53'),
(16, 16, 'uploaded', '2023-11-17', 0.00, 4.50, 0.00, 0.00, 0.00, 0.00, 4.50, 0.00, 0.00, 9.00, 1, '2023-11-17 04:56:53', '2023-11-17 04:56:53'),
(17, 17, 'uploaded', '2023-11-17', 1.90, 0.00, 0.00, 0.00, 0.00, 1.10, 0.80, 0.00, 0.00, 2.70, 1, '2023-11-17 04:56:53', '2023-11-17 04:56:53'),
(18, 18, 'uploaded', '2023-11-17', 3.40, 0.00, 0.00, 0.00, 0.00, 2.40, 1.00, 0.00, 0.00, 4.40, 1, '2023-11-17 04:56:53', '2023-11-17 04:56:53'),
(19, 19, 'uploaded', '2023-11-17', 3.10, 0.00, 0.00, 0.00, 0.00, 3.10, 0.00, 0.00, 0.00, 3.10, 1, '2023-11-17 04:56:53', '2023-11-17 04:56:53'),
(20, 20, 'uploaded', '2023-11-17', 3.70, 0.00, 0.00, 0.00, 0.00, 1.20, 1.90, 0.60, 0.00, 5.60, 1, '2023-11-17 04:56:53', '2023-11-17 04:56:53'),
(21, 21, 'uploaded', '2023-11-17', 2.00, 0.50, 0.00, 0.00, 0.00, 2.00, 0.50, 0.00, 0.00, 3.00, 1, '2023-11-17 04:56:53', '2023-11-17 04:56:53'),
(22, 22, 'uploaded', '2023-11-17', 3.30, 0.00, 0.00, 0.00, 0.00, 3.30, 0.00, 0.00, 0.00, 3.30, 1, '2023-11-17 04:56:53', '2023-11-17 04:56:53'),
(23, 23, 'uploaded', '2023-11-17', 9.90, 0.00, 0.00, 0.00, 0.00, 5.20, 4.70, 0.00, 0.00, 14.60, 1, '2023-11-17 04:56:53', '2023-11-17 04:56:53'),
(24, 24, 'uploaded', '2023-11-17', 0.00, 3.00, 0.20, 0.00, 0.00, 0.20, 1.80, 1.20, 0.00, 5.00, 1, '2023-11-17 04:56:53', '2023-11-17 04:56:53'),
(25, 25, 'uploaded', '2023-11-17', 2.90, 0.00, 0.00, 0.00, 0.00, 1.20, 1.70, 0.00, 0.00, 4.60, 1, '2023-11-17 04:56:53', '2023-11-17 04:56:53'),
(26, 26, 'uploaded', '2023-11-17', 0.00, 3.60, 0.00, 0.00, 0.00, 0.40, 3.20, 0.00, 0.00, 6.80, 1, '2023-11-17 04:56:53', '2023-11-17 04:56:53'),
(27, 27, 'uploaded', '2023-11-17', 1.80, 8.30, 0.00, 0.00, 0.00, 0.40, 9.50, 0.20, 0.00, 19.60, 1, '2023-11-17 04:56:53', '2023-11-17 04:56:53'),
(28, 28, 'uploaded', '2023-11-17', 0.00, 0.00, 4.20, 0.80, 2.00, 2.80, 1.80, 1.60, 0.80, 8.80, 1, '2023-11-17 04:56:53', '2023-11-17 04:56:53'),
(29, 29, 'uploaded', '2023-11-17', 7.80, 0.00, 0.00, 0.00, 0.00, 6.95, 0.65, 0.20, 0.00, 8.45, 1, '2023-11-17 04:56:53', '2023-11-17 04:56:53'),
(30, 30, 'uploaded', '2023-11-17', 3.60, 0.80, 0.20, 0.00, 0.00, 3.00, 0.32, 1.27, 0.00, 4.92, 1, '2023-11-17 04:56:53', '2023-11-17 04:56:53'),
(31, 31, 'uploaded', '2023-11-17', 0.00, 6.70, 0.20, 0.80, 1.60, 0.88, 4.87, 1.10, 2.46, 14.16, 1, '2023-11-17 04:56:53', '2023-11-17 04:56:53'),
(32, 32, 'uploaded', '2023-11-17', 7.80, 0.00, 1.60, 0.00, 0.00, 7.20, 0.80, 1.00, 0.40, 10.20, 1, '2023-11-17 04:56:53', '2023-11-17 04:56:53'),
(33, 33, 'uploaded', '2023-11-17', 3.40, 1.40, 0.20, 0.00, 0.00, 2.80, 1.17, 0.83, 0.20, 6.17, 1, '2023-11-17 04:56:53', '2023-11-17 04:56:53'),
(34, 34, 'uploaded', '2023-11-17', 7.00, 2.80, 0.00, 0.00, 0.00, 8.40, 1.40, 0.00, 0.00, 11.20, 1, '2023-11-17 04:56:53', '2023-11-17 04:56:53'),
(35, 35, 'uploaded', '2023-11-17', 1.40, 1.90, 0.40, 0.00, 0.00, 0.60, 2.70, 0.40, 0.00, 6.40, 1, '2023-11-17 04:56:53', '2023-11-17 04:56:53'),
(36, 36, 'uploaded', '2023-11-17', 0.20, 2.50, 0.40, 0.00, 0.00, 3.10, 0.00, 0.00, 0.00, 3.10, 1, '2023-11-17 04:56:53', '2023-11-17 04:56:53'),
(37, 37, 'uploaded', '2023-11-17', 3.40, 0.20, 1.70, 0.00, 0.00, 3.61, 0.50, 0.95, 0.24, 5.80, 1, '2023-11-17 04:56:53', '2023-11-17 04:56:53'),
(38, 38, 'uploaded', '2023-11-17', 2.40, 2.40, 4.00, 0.00, 0.00, 3.15, 2.26, 2.48, 0.90, 11.06, 1, '2023-11-17 04:56:53', '2023-11-17 04:56:53'),
(39, 39, 'uploaded', '2023-11-17', 9.50, 0.00, 0.00, 0.00, 0.00, 6.50, 1.40, 1.20, 0.40, 10.90, 1, '2023-11-17 04:56:53', '2023-11-17 04:56:53'),
(40, 40, 'uploaded', '2023-11-17', 3.60, 0.20, 0.40, 0.00, 0.00, 4.00, 0.00, 0.20, 0.00, 4.20, 1, '2023-11-17 04:56:53', '2023-11-17 04:56:53'),
(41, 41, 'uploaded', '2023-11-17', 8.40, 0.00, 0.80, 0.00, 0.00, 8.80, 0.40, 0.00, 0.00, 9.60, 1, '2023-11-17 04:56:53', '2023-11-17 04:56:53'),
(42, 42, 'uploaded', '2023-11-17', 3.00, 0.00, 0.00, 0.00, 0.00, 0.00, 2.40, 0.60, 0.00, 5.40, 1, '2023-11-17 04:56:53', '2023-11-17 04:56:53'),
(43, 43, 'uploaded', '2023-11-17', 4.80, 0.00, 1.60, 0.00, 0.00, 5.65, 0.30, 0.30, 0.15, 6.70, 1, '2023-11-17 04:56:53', '2023-11-17 04:56:53'),
(44, 44, 'uploaded', '2023-11-17', 8.60, 0.00, 0.60, 0.00, 0.00, 3.80, 5.00, 0.40, 0.00, 14.20, 1, '2023-11-17 04:56:53', '2023-11-17 04:56:53'),
(45, 45, 'uploaded', '2023-11-17', 8.20, 0.00, 0.00, 0.00, 0.00, 5.80, 1.09, 1.25, 0.06, 9.29, 1, '2023-11-17 04:56:53', '2023-11-17 04:56:53'),
(46, 46, 'uploaded', '2023-11-17', 5.20, 0.00, 0.00, 0.00, 0.00, 2.00, 2.80, 0.40, 0.00, 8.00, 1, '2023-11-17 04:56:53', '2023-11-17 04:56:53'),
(47, 47, 'uploaded', '2023-11-17', 5.30, 0.20, 0.00, 0.00, 0.00, 2.50, 2.90, 0.10, 0.00, 8.40, 1, '2023-11-17 04:56:53', '2023-11-17 04:56:53'),
(48, 48, 'uploaded', '2023-11-17', 5.00, 2.70, 0.20, 0.00, 0.00, 3.90, 2.80, 1.00, 0.20, 10.70, 1, '2023-11-17 04:56:53', '2023-11-17 04:56:53'),
(49, 49, 'uploaded', '2023-11-17', 5.20, 2.80, 0.20, 2.20, 0.00, 6.22, 1.67, 1.38, 1.13, 12.07, 1, '2023-11-17 04:56:53', '2023-11-17 04:56:53'),
(50, 50, 'uploaded', '2023-11-17', 6.10, 1.00, 2.00, 0.00, 0.00, 5.55, 1.80, 1.75, 0.00, 10.90, 1, '2023-11-17 04:56:53', '2023-11-17 04:56:53'),
(51, 51, 'uploaded', '2023-11-17', 0.00, 0.00, 0.00, 9.90, 0.00, 0.00, 0.00, 0.00, 9.90, 9.90, 1, '2023-11-17 04:56:53', '2023-11-17 04:56:53'),
(52, 52, 'uploaded', '2023-11-17', 5.00, 0.00, 2.20, 2.00, 0.00, 2.65, 3.70, 1.60, 1.25, 12.90, 1, '2023-11-17 04:56:53', '2023-11-17 04:56:53'),
(53, 53, 'uploaded', '2023-11-17', 3.40, 0.00, 0.00, 0.00, 0.00, 3.40, 0.00, 0.00, 0.00, 3.40, 1, '2023-11-17 04:56:53', '2023-11-17 04:56:53'),
(54, 54, 'uploaded', '2023-11-17', 1.68, 0.00, 0.20, 0.00, 0.00, 0.00, 1.48, 0.40, 0.00, 3.36, 1, '2023-11-17 04:56:53', '2023-11-17 04:56:53'),
(55, 55, 'uploaded', '2023-11-17', 3.70, 0.00, 0.00, 0.00, 0.00, 3.70, 0.00, 0.00, 0.00, 3.70, 1, '2023-11-17 04:56:53', '2023-11-17 04:56:53'),
(56, 56, 'uploaded', '2023-11-17', 6.00, 1.80, 3.00, 0.20, 0.00, 3.82, 6.98, 0.00, 0.20, 17.98, 1, '2023-11-17 04:56:53', '2023-11-17 04:56:53'),
(57, 57, 'uploaded', '2023-11-17', 3.20, 0.80, 7.10, 2.80, 0.00, 6.15, 3.55, 2.50, 1.70, 17.45, 1, '2023-11-17 04:56:53', '2023-11-17 04:56:53'),
(58, 58, 'uploaded', '2023-11-17', 2.80, 14.60, 0.60, 0.60, 0.00, 3.40, 12.90, 0.20, 2.10, 31.50, 1, '2023-11-17 04:56:53', '2023-11-17 04:56:53'),
(59, 59, 'uploaded', '2023-11-17', 9.70, 0.00, 0.00, 0.00, 0.00, 4.20, 3.30, 1.70, 0.50, 13.00, 1, '2023-11-17 04:56:53', '2023-11-17 04:56:53'),
(60, 60, 'uploaded', '2023-11-17', 9.60, 0.00, 2.40, 0.80, 0.00, 5.08, 2.80, 3.22, 1.70, 15.60, 1, '2023-11-17 04:56:53', '2023-11-17 04:56:53'),
(61, 61, 'uploaded', '2023-11-17', 0.20, 2.00, 0.00, 1.50, 0.00, 0.23, 2.37, 0.00, 1.10, 6.07, 1, '2023-11-17 04:56:53', '2023-11-17 04:56:53'),
(62, 62, 'uploaded', '2023-11-17', 8.60, 0.00, 0.00, 0.00, 0.00, 8.60, 0.00, 0.00, 0.00, 8.60, 1, '2023-11-17 04:56:53', '2023-11-17 04:56:53'),
(63, 63, 'uploaded', '2023-11-17', 0.60, 1.10, 0.60, 0.00, 0.00, 1.00, 0.00, 0.80, 0.50, 2.30, 1, '2023-11-17 04:56:53', '2023-11-17 04:56:53'),
(64, 64, 'uploaded', '2023-11-17', 2.20, 2.20, 0.60, 0.00, 0.00, 4.70, 0.30, 0.00, 0.00, 5.30, 1, '2023-11-17 04:56:53', '2023-11-17 04:56:53'),
(65, 65, 'uploaded', '2023-11-17', 6.80, 0.00, 0.00, 0.00, 0.00, 4.00, 2.80, 0.00, 0.00, 9.60, 1, '2023-11-17 04:56:53', '2023-11-17 04:56:53'),
(66, 66, 'uploaded', '2023-11-17', 10.90, 0.00, 0.00, 0.00, 0.00, 10.10, 0.80, 0.00, 0.00, 11.70, 1, '2023-11-17 04:56:53', '2023-11-17 04:56:53'),
(67, 67, 'uploaded', '2023-11-17', 2.00, 0.40, 2.10, 0.00, 0.00, 4.10, 0.40, 0.00, 0.00, 4.90, 1, '2023-11-17 04:56:53', '2023-11-17 04:56:53'),
(68, 68, 'uploaded', '2023-11-17', 8.90, 0.00, 0.80, 0.00, 0.00, 6.70, 3.00, 0.00, 0.00, 12.70, 1, '2023-11-17 04:56:53', '2023-11-17 04:56:53'),
(69, 69, 'uploaded', '2023-11-17', 8.90, 0.00, 0.60, 0.00, 0.00, 7.90, 1.40, 0.20, 0.00, 10.90, 1, '2023-11-17 04:56:53', '2023-11-17 04:56:53'),
(70, 70, 'uploaded', '2023-11-17', 4.70, 0.00, 0.40, 0.00, 0.00, 5.10, 0.00, 0.00, 0.00, 5.10, 1, '2023-11-17 04:56:53', '2023-11-17 04:56:53'),
(71, 71, 'uploaded', '2023-11-17', 6.50, 0.00, 0.00, 0.00, 0.00, 4.30, 0.80, 1.40, 0.00, 7.30, 1, '2023-11-17 04:56:53', '2023-11-17 04:56:53'),
(72, 72, 'uploaded', '2023-11-17', 5.60, 0.00, 0.60, 0.00, 0.00, 3.20, 2.40, 0.60, 0.00, 8.60, 1, '2023-11-17 04:56:53', '2023-11-17 04:56:53'),
(73, 73, 'uploaded', '2023-11-17', 11.20, 0.00, 0.00, 0.00, 0.00, 5.50, 0.60, 3.30, 1.80, 11.80, 1, '2023-11-17 04:56:53', '2023-11-17 04:56:53'),
(74, 74, 'uploaded', '2023-11-17', 1.80, 9.50, 0.20, 3.80, 0.00, 4.80, 7.00, 2.80, 0.70, 22.30, 1, '2023-11-17 04:56:53', '2023-11-17 04:56:53'),
(75, 75, 'uploaded', '2023-11-17', 10.60, 2.40, 2.00, 0.20, 0.00, 10.46, 1.91, 2.13, 0.70, 17.11, 1, '2023-11-17 04:56:53', '2023-11-17 04:56:53'),
(76, 76, 'uploaded', '2023-11-17', 4.00, 0.00, 0.00, 0.00, 0.00, 4.00, 0.00, 0.00, 0.00, 4.00, 1, '2023-11-17 04:56:53', '2023-11-17 04:56:53'),
(77, 77, 'uploaded', '2023-11-17', 10.80, 0.00, 1.20, 0.00, 0.20, 6.90, 1.25, 3.55, 0.50, 13.45, 1, '2023-11-17 04:56:53', '2023-11-17 04:56:53'),
(78, 78, 'uploaded', '2023-11-17', 0.00, 4.00, 0.00, 0.00, 0.00, 2.40, 1.60, 0.00, 0.00, 5.60, 1, '2023-11-17 04:56:53', '2023-11-17 04:56:53'),
(79, 79, 'uploaded', '2023-11-17', 5.10, 0.00, 0.20, 0.00, 0.00, 4.50, 0.80, 0.00, 0.00, 6.10, 1, '2023-11-17 04:56:54', '2023-11-17 04:56:54'),
(80, 80, 'uploaded', '2023-11-17', 0.20, 0.00, 0.00, 0.00, 0.00, 0.20, 0.00, 0.00, 0.00, 0.20, 1, '2023-11-17 04:56:54', '2023-11-17 04:56:54'),
(81, 81, 'uploaded', '2023-11-17', 1.70, 0.00, 0.00, 0.00, 0.00, 0.70, 1.00, 0.00, 0.00, 2.70, 1, '2023-11-17 04:56:54', '2023-11-17 04:56:54'),
(82, 82, 'uploaded', '2023-11-17', 0.60, 0.40, 0.50, 0.00, 0.00, 0.93, 0.00, 0.57, 0.00, 1.50, 1, '2023-11-17 04:56:54', '2023-11-17 04:56:54'),
(83, 83, 'uploaded', '2023-11-17', 0.00, 1.40, 1.30, 1.40, 0.00, 1.10, 0.05, 0.65, 2.30, 4.15, 1, '2023-11-17 04:56:54', '2023-11-17 04:56:54'),
(84, 84, 'uploaded', '2023-11-17', 3.00, 0.00, 0.00, 0.00, 0.00, 1.40, 1.40, 0.20, 0.00, 4.40, 1, '2023-11-17 04:56:54', '2023-11-17 04:56:54'),
(85, 85, 'uploaded', '2023-11-17', 1.90, 0.00, 0.00, 0.00, 0.00, 1.50, 0.40, 0.00, 0.00, 2.30, 1, '2023-11-17 04:56:54', '2023-11-17 04:56:54'),
(86, 86, 'uploaded', '2023-11-17', 1.80, 1.20, 0.00, 0.00, 0.00, 1.70, 0.00, 1.30, 0.00, 3.00, 1, '2023-11-17 04:56:54', '2023-11-17 04:56:54'),
(87, 87, 'uploaded', '2023-11-17', 0.80, 4.10, 2.20, 0.00, 0.00, 0.80, 3.45, 2.80, 0.05, 10.55, 1, '2023-11-17 04:56:54', '2023-11-17 04:56:54'),
(88, 88, 'uploaded', '2023-11-17', 1.90, 1.40, 1.20, 0.00, 0.00, 2.40, 1.55, 0.55, 0.00, 6.05, 1, '2023-11-17 04:56:54', '2023-11-17 04:56:54'),
(89, 89, 'uploaded', '2023-11-17', 1.40, 0.00, 0.00, 0.00, 0.00, 1.40, 0.00, 0.00, 0.00, 1.40, 1, '2023-11-17 04:56:54', '2023-11-17 04:56:54'),
(90, 90, 'uploaded', '2023-11-17', 3.10, 0.00, 0.00, 0.00, 0.00, 3.10, 0.00, 0.00, 0.00, 3.10, 1, '2023-11-17 04:56:54', '2023-11-17 04:56:54'),
(91, 91, 'uploaded', '2023-11-17', 0.00, 2.20, 2.40, 1.40, 0.00, 0.00, 3.51, 1.92, 0.57, 9.51, 1, '2023-11-17 04:56:54', '2023-11-17 04:56:54'),
(92, 92, 'uploaded', '2023-11-17', 0.00, 3.20, 2.00, 0.00, 0.00, 0.95, 1.50, 2.75, 0.00, 6.70, 1, '2023-11-17 04:56:54', '2023-11-17 04:56:54'),
(93, 93, 'uploaded', '2023-11-17', 2.90, 2.60, 0.00, 0.00, 0.00, 4.50, 1.00, 0.00, 0.00, 6.50, 1, '2023-11-17 04:56:54', '2023-11-17 04:56:54'),
(94, 94, 'uploaded', '2023-11-17', 0.00, 3.60, 0.40, 0.00, 0.00, 1.64, 1.30, 1.06, 0.00, 5.30, 1, '2023-11-17 04:56:54', '2023-11-17 04:56:54'),
(95, 95, 'uploaded', '2023-11-17', 1.50, 0.00, 0.00, 0.00, 0.00, 1.30, 0.00, 0.20, 0.00, 1.50, 1, '2023-11-17 04:56:54', '2023-11-17 04:56:54'),
(96, 96, 'uploaded', '2023-11-17', 1.30, 0.00, 0.40, 0.00, 0.00, 1.70, 0.00, 0.00, 0.00, 1.70, 1, '2023-11-17 04:56:54', '2023-11-17 04:56:54'),
(97, 97, 'uploaded', '2023-11-17', 4.80, 0.00, 0.00, 0.00, 0.00, 4.80, 0.00, 0.00, 0.00, 4.80, 1, '2023-11-17 04:56:54', '2023-11-17 04:56:54'),
(98, 98, 'uploaded', '2023-11-17', 3.60, 0.00, 0.00, 0.00, 0.00, 3.40, 0.20, 0.00, 0.00, 3.80, 1, '2023-11-17 04:56:54', '2023-11-17 04:56:54'),
(99, 99, 'uploaded', '2023-11-17', 0.00, 2.00, 1.20, 0.00, 0.00, 0.42, 1.02, 0.28, 1.48, 4.22, 1, '2023-11-17 04:56:54', '2023-11-17 04:56:54'),
(100, 100, 'uploaded', '2023-11-17', 0.00, 0.60, 2.20, 0.40, 0.00, 0.00, 2.30, 0.56, 0.34, 5.50, 1, '2023-11-17 04:56:54', '2023-11-17 04:56:54'),
(101, 101, 'uploaded', '2023-11-17', 1.20, 5.00, 6.70, 0.40, 0.00, 2.51, 6.23, 2.21, 2.35, 19.53, 1, '2023-11-17 04:56:54', '2023-11-17 04:56:54'),
(102, 102, 'uploaded', '2023-11-17', 1.70, 0.20, 0.00, 0.00, 0.00, 1.90, 0.00, 0.00, 0.00, 1.90, 1, '2023-11-17 04:56:54', '2023-11-17 04:56:54'),
(103, 103, 'uploaded', '2023-11-17', 2.40, 0.00, 0.00, 0.00, 0.00, 2.40, 0.00, 0.00, 0.00, 2.40, 1, '2023-11-17 04:56:54', '2023-11-17 04:56:54'),
(104, 104, 'uploaded', '2023-11-17', 0.70, 0.40, 0.00, 0.00, 0.00, 0.85, 0.25, 0.00, 0.00, 1.35, 1, '2023-11-17 04:56:54', '2023-11-17 04:56:54'),
(105, 105, 'uploaded', '2023-11-17', 0.00, 2.30, 0.60, 0.00, 0.00, 0.41, 0.15, 1.38, 0.96, 3.05, 1, '2023-11-17 04:56:54', '2023-11-17 04:56:54'),
(106, 106, 'uploaded', '2023-11-17', 0.20, 1.70, 0.40, 0.20, 0.00, 0.85, 1.05, 0.40, 0.20, 3.55, 1, '2023-11-17 04:56:54', '2023-11-17 04:56:54'),
(107, 107, 'uploaded', '2023-11-17', 2.10, 1.40, 0.00, 0.00, 0.00, 2.30, 0.30, 0.90, 0.00, 3.80, 1, '2023-11-17 04:56:54', '2023-11-17 04:56:54'),
(108, 108, 'uploaded', '2023-11-17', 0.40, 2.10, 0.00, 0.00, 0.00, 1.80, 0.00, 0.70, 0.00, 2.50, 1, '2023-11-17 04:56:54', '2023-11-17 04:56:54'),
(109, 109, 'uploaded', '2023-11-17', 0.00, 3.30, 0.00, 0.00, 0.00, 0.00, 2.90, 0.40, 0.00, 6.20, 1, '2023-11-17 04:56:54', '2023-11-17 04:56:54'),
(110, 110, 'uploaded', '2023-11-17', 0.80, 1.80, 3.40, 0.00, 0.00, 2.57, 2.28, 1.15, 0.00, 8.28, 1, '2023-11-17 04:56:54', '2023-11-17 04:56:54'),
(111, 111, 'uploaded', '2023-11-17', 1.60, 0.20, 0.00, 0.00, 0.00, 1.60, 0.20, 0.00, 0.00, 2.00, 1, '2023-11-17 04:56:54', '2023-11-17 04:56:54'),
(112, 112, 'uploaded', '2023-11-17', 0.00, 3.10, 0.00, 0.00, 0.00, 0.25, 2.85, 0.00, 0.00, 5.95, 1, '2023-11-17 04:56:54', '2023-11-17 04:56:54'),
(113, 113, 'uploaded', '2023-11-17', 0.80, 0.00, 0.00, 0.00, 0.00, 0.80, 0.00, 0.00, 0.00, 0.80, 1, '2023-11-17 04:56:54', '2023-11-17 04:56:54'),
(114, 114, 'uploaded', '2023-11-17', 4.50, 0.00, 0.00, 0.00, 0.00, 4.20, 0.30, 0.00, 0.00, 4.80, 1, '2023-11-17 04:56:54', '2023-11-17 04:56:54'),
(115, 115, 'uploaded', '2023-11-17', 0.00, 2.70, 0.20, 0.00, 0.00, 0.00, 2.70, 0.20, 0.00, 5.60, 1, '2023-11-17 04:56:54', '2023-11-17 04:56:54'),
(116, 116, 'uploaded', '2023-11-17', 0.00, 0.80, 0.40, 0.40, 1.00, 0.70, 0.40, 0.50, 1.00, 3.00, 1, '2023-11-17 04:56:54', '2023-11-17 04:56:54'),
(117, 117, 'uploaded', '2023-11-17', 0.00, 6.20, 2.90, 0.00, 0.00, 2.35, 3.45, 2.60, 0.70, 12.55, 1, '2023-11-17 04:56:54', '2023-11-17 04:56:54'),
(118, 118, 'uploaded', '2023-11-17', 0.40, 1.30, 6.80, 3.80, 0.00, 1.94, 5.17, 1.03, 4.17, 17.46, 1, '2023-11-17 04:56:54', '2023-11-17 04:56:54'),
(119, 119, 'uploaded', '2023-11-17', 0.00, 2.90, 0.00, 0.00, 0.00, 0.50, 2.40, 0.00, 0.00, 5.30, 1, '2023-11-17 04:56:54', '2023-11-17 04:56:54'),
(120, 120, 'uploaded', '2023-11-17', 0.00, 1.60, 0.90, 0.00, 0.00, 0.00, 1.40, 0.10, 1.00, 3.90, 1, '2023-11-17 04:56:54', '2023-11-17 04:56:54'),
(121, 121, 'uploaded', '2023-11-17', 2.20, 0.80, 0.00, 0.00, 0.00, 2.45, 0.55, 0.00, 0.00, 3.55, 1, '2023-11-17 04:56:54', '2023-11-17 04:56:54'),
(122, 122, 'uploaded', '2023-11-17', 1.60, 0.00, 0.00, 0.00, 0.00, 1.60, 0.00, 0.00, 0.00, 1.60, 1, '2023-11-17 04:56:54', '2023-11-17 04:56:54'),
(123, 123, 'uploaded', '2023-11-17', 0.60, 0.00, 0.00, 0.00, 0.00, 0.40, 0.00, 0.20, 0.00, 0.60, 1, '2023-11-17 04:56:54', '2023-11-17 04:56:54'),
(124, 124, 'uploaded', '2023-11-17', 1.80, 3.16, 0.60, 0.00, 0.00, 1.86, 1.38, 2.32, 0.00, 6.94, 1, '2023-11-17 04:56:54', '2023-11-17 04:56:54'),
(125, 125, 'uploaded', '2023-11-17', 0.00, 0.60, 0.00, 0.00, 0.00, 0.20, 0.40, 0.00, 0.00, 1.00, 1, '2023-11-17 04:56:54', '2023-11-17 04:56:54'),
(126, 126, 'uploaded', '2023-11-17', 0.40, 3.50, 1.00, 0.40, 0.00, 1.90, 1.15, 1.25, 1.00, 6.45, 1, '2023-11-17 04:56:54', '2023-11-17 04:56:54'),
(127, 127, 'uploaded', '2023-11-17', 0.00, 1.40, 2.20, 0.00, 1.40, 0.55, 1.84, 0.20, 2.41, 6.84, 1, '2023-11-17 04:56:54', '2023-11-17 04:56:54'),
(128, 128, 'uploaded', '2023-11-17', 0.40, 0.00, 4.60, 0.00, 0.00, 0.40, 4.40, 0.20, 0.00, 9.40, 1, '2023-11-17 04:56:54', '2023-11-17 04:56:54'),
(129, 129, 'uploaded', '2023-11-17', 0.00, 2.20, 2.30, 0.00, 0.00, 1.60, 2.38, 0.40, 0.12, 6.88, 1, '2023-11-17 04:56:54', '2023-11-17 04:56:54'),
(130, 130, 'uploaded', '2023-11-17', 2.80, 0.00, 0.20, 0.00, 0.00, 3.00, 0.00, 0.00, 0.00, 3.00, 1, '2023-11-17 04:56:54', '2023-11-17 04:56:54'),
(131, 131, 'uploaded', '2023-11-17', 1.60, 3.20, 0.20, 0.00, 0.00, 2.65, 0.50, 1.85, 0.00, 5.50, 1, '2023-11-17 04:56:54', '2023-11-17 04:56:54'),
(132, 132, 'uploaded', '2023-11-17', 0.00, 0.00, 0.40, 2.00, 0.60, 0.00, 1.23, 0.20, 1.57, 4.22, 1, '2023-11-17 04:56:54', '2023-11-17 04:56:54'),
(133, 133, 'uploaded', '2023-11-17', 4.80, 0.00, 0.20, 0.00, 0.00, 2.40, 1.40, 1.20, 0.00, 6.40, 1, '2023-11-17 04:56:54', '2023-11-17 04:56:54'),
(134, 134, 'uploaded', '2023-11-17', 0.00, 5.40, 2.40, 1.20, 2.00, 0.80, 6.99, 0.30, 2.92, 17.98, 1, '2023-11-17 04:56:54', '2023-11-17 04:56:54'),
(135, 135, 'uploaded', '2023-11-17', 2.00, 0.50, 0.00, 0.00, 0.00, 2.20, 0.30, 0.00, 0.00, 2.80, 1, '2023-11-17 04:56:54', '2023-11-17 04:56:54'),
(136, 136, 'uploaded', '2023-11-17', 1.40, 0.60, 0.00, 0.00, 0.00, 1.25, 0.40, 0.35, 0.00, 2.40, 1, '2023-11-17 04:56:54', '2023-11-17 04:56:54'),
(137, 137, 'uploaded', '2023-11-17', 0.00, 2.00, 0.00, 0.00, 0.00, 1.00, 0.40, 0.60, 0.00, 2.40, 1, '2023-11-17 04:56:54', '2023-11-17 04:56:54'),
(138, 138, 'uploaded', '2023-11-17', 0.00, 3.20, 0.20, 1.60, 0.00, 0.03, 0.70, 0.30, 3.97, 5.70, 1, '2023-11-17 04:56:54', '2023-11-17 04:56:54'),
(139, 139, 'uploaded', '2023-11-17', 0.00, 3.80, 0.40, 1.80, 0.00, 0.54, 1.30, 1.60, 2.56, 7.30, 1, '2023-11-17 04:56:54', '2023-11-17 04:56:54'),
(140, 140, 'uploaded', '2023-11-17', 3.00, 1.30, 0.20, 0.00, 0.00, 3.00, 0.40, 0.70, 0.40, 4.90, 1, '2023-11-17 04:56:54', '2023-11-17 04:56:54'),
(141, 141, 'uploaded', '2023-11-17', 0.20, 1.80, 0.00, 0.00, 0.00, 0.70, 0.20, 1.10, 0.00, 2.20, 1, '2023-11-17 04:56:54', '2023-11-17 04:56:54'),
(142, 142, 'uploaded', '2023-11-17', 5.00, 0.00, 0.00, 0.00, 0.00, 5.00, 0.00, 0.00, 0.00, 5.00, 1, '2023-11-17 04:56:54', '2023-11-17 04:56:54'),
(143, 143, 'uploaded', '2023-11-17', 3.00, 0.00, 0.00, 0.00, 0.00, 3.00, 0.00, 0.00, 0.00, 3.00, 1, '2023-11-17 04:56:54', '2023-11-17 04:56:54'),
(144, 144, 'uploaded', '2023-11-17', 2.50, 1.80, 0.20, 0.00, 0.00, 2.59, 0.31, 1.60, 0.00, 4.81, 1, '2023-11-17 04:56:54', '2023-11-17 04:56:54'),
(145, 145, 'uploaded', '2023-11-17', 0.20, 1.60, 1.20, 0.00, 0.00, 0.74, 1.88, 0.20, 0.18, 4.88, 1, '2023-11-17 04:56:54', '2023-11-17 04:56:54'),
(146, 146, 'uploaded', '2023-11-17', 0.00, 0.20, 0.40, 2.00, 0.00, 0.38, 0.20, 0.00, 2.02, 2.80, 1, '2023-11-17 04:56:54', '2023-11-17 04:56:54'),
(147, 147, 'uploaded', '2023-11-17', 0.20, 6.30, 1.20, 0.40, 0.00, 3.01, 2.62, 2.04, 0.43, 10.72, 1, '2023-11-17 04:56:54', '2023-11-17 04:56:54'),
(148, 148, 'uploaded', '2023-11-17', 0.00, 0.40, 0.00, 0.00, 0.00, 0.20, 0.20, 0.00, 0.00, 0.60, 1, '2023-11-17 04:56:54', '2023-11-17 04:56:54'),
(149, 149, 'uploaded', '2023-11-17', 0.20, 0.20, 0.00, 0.00, 0.00, 0.20, 0.00, 0.20, 0.00, 0.40, 1, '2023-11-17 04:56:54', '2023-11-17 04:56:54'),
(150, 150, 'uploaded', '2023-11-17', 0.70, 0.00, 0.00, 0.00, 0.00, 0.60, 0.10, 0.00, 0.00, 0.80, 1, '2023-11-17 04:56:54', '2023-11-17 04:56:54'),
(151, 151, 'uploaded', '2023-11-17', 1.10, 0.00, 0.00, 0.00, 0.00, 0.90, 0.00, 0.20, 0.00, 1.10, 1, '2023-11-17 04:56:54', '2023-11-17 04:56:54'),
(152, 152, 'uploaded', '2023-11-17', 0.20, 0.00, 0.00, 0.00, 0.00, 0.00, 0.20, 0.00, 0.00, 0.40, 1, '2023-11-17 04:56:54', '2023-11-17 04:56:54'),
(153, 153, 'uploaded', '2023-11-17', 0.60, 0.00, 0.00, 0.00, 0.00, 0.60, 0.00, 0.00, 0.00, 0.60, 1, '2023-11-17 04:56:54', '2023-11-17 04:56:54'),
(154, 154, 'uploaded', '2023-11-17', 0.30, 0.00, 0.00, 0.00, 0.00, 0.30, 0.00, 0.00, 0.00, 0.30, 1, '2023-11-17 04:56:54', '2023-11-17 04:56:54'),
(155, 155, 'uploaded', '2023-11-17', 0.30, 0.00, 0.00, 0.00, 0.00, 0.20, 0.10, 0.00, 0.00, 0.40, 1, '2023-11-17 04:56:54', '2023-11-17 04:56:54'),
(156, 156, 'uploaded', '2023-11-17', 0.30, 0.00, 0.00, 0.00, 0.00, 0.30, 0.00, 0.00, 0.00, 0.30, 1, '2023-11-17 04:56:54', '2023-11-17 04:56:54'),
(157, 157, 'uploaded', '2023-11-17', 0.40, 0.00, 0.00, 0.00, 0.00, 0.40, 0.00, 0.00, 0.00, 0.40, 1, '2023-11-17 04:56:54', '2023-11-17 04:56:54'),
(158, 158, 'uploaded', '2023-11-17', 0.30, 0.00, 0.00, 0.00, 0.00, 0.30, 0.00, 0.00, 0.00, 0.30, 1, '2023-11-17 04:56:54', '2023-11-17 04:56:54'),
(159, 159, 'uploaded', '2023-11-17', 0.00, 0.30, 0.00, 0.00, 0.00, 0.00, 0.00, 0.30, 0.00, 0.30, 1, '2023-11-17 04:56:54', '2023-11-17 04:56:54'),
(160, 160, 'uploaded', '2023-11-17', 0.00, 0.10, 0.00, 0.00, 0.00, 0.00, 0.10, 0.00, 0.00, 0.20, 1, '2023-11-17 04:56:54', '2023-11-17 04:56:54'),
(161, 161, 'uploaded', '2023-11-17', 0.30, 0.00, 0.00, 0.00, 0.00, 0.30, 0.00, 0.00, 0.00, 0.30, 1, '2023-11-17 04:56:54', '2023-11-17 04:56:54'),
(162, 162, 'uploaded', '2023-11-17', 0.40, 0.00, 0.00, 0.00, 0.00, 0.40, 0.00, 0.00, 0.00, 0.40, 1, '2023-11-17 04:56:54', '2023-11-17 04:56:54'),
(163, 163, 'uploaded', '2023-11-17', 0.70, 0.00, 0.00, 0.00, 0.00, 0.30, 0.40, 0.00, 0.00, 1.10, 1, '2023-11-17 04:56:54', '2023-11-17 04:56:54'),
(164, 164, 'uploaded', '2023-11-17', 0.60, 0.00, 0.00, 0.00, 0.00, 0.20, 0.40, 0.00, 0.00, 1.00, 1, '2023-11-17 04:56:54', '2023-11-17 04:56:54'),
(165, 165, 'uploaded', '2023-11-17', 0.50, 0.00, 0.00, 0.00, 0.00, 0.50, 0.00, 0.00, 0.00, 0.50, 1, '2023-11-17 04:56:54', '2023-11-17 04:56:54'),
(166, 166, 'uploaded', '2023-11-17', 0.60, 0.00, 0.00, 0.00, 0.00, 0.60, 0.00, 0.00, 0.00, 0.60, 1, '2023-11-17 04:56:54', '2023-11-17 04:56:54'),
(167, 167, 'uploaded', '2023-11-17', 0.60, 0.00, 0.00, 0.00, 0.00, 0.60, 0.00, 0.00, 0.00, 0.60, 1, '2023-11-17 04:56:54', '2023-11-17 04:56:54'),
(168, 168, 'uploaded', '2023-11-17', 0.60, 0.00, 0.00, 0.00, 0.00, 0.40, 0.20, 0.00, 0.00, 0.80, 1, '2023-11-17 04:56:54', '2023-11-17 04:56:54'),
(169, 169, 'uploaded', '2023-11-17', 0.70, 0.00, 0.00, 0.00, 0.00, 0.70, 0.00, 0.00, 0.00, 0.70, 1, '2023-11-17 04:56:54', '2023-11-17 04:56:54'),
(170, 170, 'uploaded', '2023-11-17', 0.60, 0.00, 0.00, 0.00, 0.00, 0.60, 0.00, 0.00, 0.00, 0.60, 1, '2023-11-17 04:56:54', '2023-11-17 04:56:54'),
(171, 171, 'uploaded', '2023-11-17', 0.70, 0.00, 0.00, 0.00, 0.00, 0.70, 0.00, 0.00, 0.00, 0.70, 1, '2023-11-17 04:56:54', '2023-11-17 04:56:54'),
(172, 172, 'uploaded', '2023-11-17', 0.80, 0.00, 0.00, 0.00, 0.00, 0.00, 0.80, 0.00, 0.00, 1.60, 1, '2023-11-17 04:56:54', '2023-11-17 04:56:54'),
(173, 173, 'uploaded', '2023-11-17', 0.90, 0.00, 0.00, 0.00, 0.00, 0.90, 0.00, 0.00, 0.00, 0.90, 1, '2023-11-17 04:56:54', '2023-11-17 04:56:54'),
(174, 174, 'uploaded', '2023-11-17', 0.75, 0.00, 0.00, 0.00, 0.00, 0.75, 0.00, 0.00, 0.00, 0.75, 1, '2023-11-17 04:56:54', '2023-11-17 04:56:54'),
(175, 175, 'uploaded', '2023-11-17', 0.70, 0.00, 0.00, 0.00, 0.00, 0.70, 0.00, 0.00, 0.00, 0.70, 1, '2023-11-17 04:56:54', '2023-11-17 04:56:54'),
(176, 176, 'uploaded', '2023-11-17', 2.85, 0.00, 0.00, 0.00, 0.00, 0.80, 2.05, 0.00, 0.00, 4.90, 1, '2023-11-17 04:56:54', '2023-11-17 04:56:54'),
(177, 177, 'uploaded', '2023-11-17', 0.80, 0.00, 0.00, 0.00, 0.00, 0.80, 0.00, 0.00, 0.00, 0.80, 1, '2023-11-17 04:56:54', '2023-11-17 04:56:54'),
(178, 178, 'uploaded', '2023-11-17', 0.10, 0.60, 0.00, 0.00, 0.00, 0.15, 0.35, 0.20, 0.00, 1.05, 1, '2023-11-17 04:56:54', '2023-11-17 04:56:54'),
(179, 179, 'uploaded', '2023-11-17', 0.75, 0.00, 0.00, 0.00, 0.00, 0.00, 0.75, 0.00, 0.00, 1.50, 1, '2023-11-17 04:56:54', '2023-11-17 04:56:54'),
(180, 180, 'uploaded', '2023-11-17', 1.00, 0.00, 0.00, 0.00, 0.00, 1.00, 0.00, 0.00, 0.00, 1.00, 1, '2023-11-17 04:56:54', '2023-11-17 04:56:54'),
(181, 181, 'uploaded', '2023-11-17', 0.60, 0.00, 0.00, 0.00, 0.00, 0.60, 0.00, 0.00, 0.00, 0.60, 1, '2023-11-17 04:56:54', '2023-11-17 04:56:54'),
(182, 182, 'uploaded', '2023-11-17', 0.90, 0.00, 0.00, 0.00, 0.00, 0.60, 0.30, 0.00, 0.00, 1.20, 1, '2023-11-17 04:56:54', '2023-11-17 04:56:54'),
(183, 183, 'uploaded', '2023-11-17', 0.95, 0.00, 0.00, 0.00, 0.00, 0.00, 0.95, 0.00, 0.00, 1.90, 1, '2023-11-17 04:56:54', '2023-11-17 04:56:54'),
(184, 184, 'uploaded', '2023-11-17', 0.90, 0.00, 0.00, 0.00, 0.00, 0.00, 0.30, 0.60, 0.00, 1.20, 1, '2023-11-17 04:56:54', '2023-11-17 04:56:54'),
(185, 185, 'uploaded', '2023-11-17', 0.90, 0.00, 0.00, 0.00, 0.00, 0.00, 0.90, 0.00, 0.00, 1.80, 1, '2023-11-17 04:56:54', '2023-11-17 04:56:54'),
(186, 186, 'uploaded', '2023-11-17', 0.90, 0.00, 0.00, 0.00, 0.00, 0.90, 0.00, 0.00, 0.00, 0.90, 1, '2023-11-17 04:56:54', '2023-11-17 04:56:54'),
(187, 187, 'uploaded', '2023-11-17', 0.85, 0.00, 0.00, 0.00, 0.00, 0.00, 0.85, 0.00, 0.00, 1.70, 1, '2023-11-17 04:56:54', '2023-11-17 04:56:54'),
(188, 188, 'uploaded', '2023-11-17', 1.30, 0.00, 0.00, 0.00, 0.00, 1.30, 0.00, 0.00, 0.00, 1.30, 1, '2023-11-17 04:56:54', '2023-11-17 04:56:54'),
(189, 189, 'uploaded', '2023-11-17', 2.10, 0.00, 0.00, 0.00, 0.00, 0.00, 2.10, 0.00, 0.00, 4.20, 1, '2023-11-17 04:56:54', '2023-11-17 04:56:54'),
(190, 190, 'uploaded', '2023-11-17', 0.00, 0.20, 0.00, 0.00, 0.00, 0.20, 0.00, 0.00, 0.00, 0.20, 1, '2023-11-17 04:56:54', '2023-11-17 04:56:54'),
(191, 191, 'uploaded', '2023-11-17', 0.90, 0.00, 0.00, 0.00, 0.00, 0.90, 0.00, 0.00, 0.00, 0.90, 1, '2023-11-17 04:56:54', '2023-11-17 04:56:54'),
(192, 192, 'uploaded', '2023-11-17', 0.40, 0.60, 0.00, 0.00, 0.00, 0.40, 0.60, 0.00, 0.00, 1.60, 1, '2023-11-17 04:56:54', '2023-11-17 04:56:54'),
(193, 193, 'uploaded', '2023-11-17', 1.60, 0.00, 0.00, 0.00, 0.00, 1.20, 0.40, 0.00, 0.00, 2.00, 1, '2023-11-17 04:56:54', '2023-11-17 04:56:54'),
(194, 194, 'uploaded', '2023-11-17', 0.28, 0.00, 0.00, 0.00, 0.00, 0.28, 0.00, 0.00, 0.00, 0.28, 1, '2023-11-17 04:56:54', '2023-11-17 04:56:54'),
(195, 195, 'uploaded', '2023-11-17', 0.00, 0.45, 0.00, 0.00, 0.00, 0.45, 0.00, 0.00, 0.00, 0.45, 1, '2023-11-17 04:56:54', '2023-11-17 04:56:54'),
(196, 196, 'uploaded', '2023-11-17', 0.20, 0.00, 0.00, 0.00, 0.00, 0.20, 0.00, 0.00, 0.00, 0.20, 1, '2023-11-17 04:56:54', '2023-11-17 04:56:54'),
(197, 197, 'uploaded', '2023-11-17', 1.70, 0.00, 0.00, 0.00, 0.00, 1.70, 0.00, 0.00, 0.00, 1.70, 1, '2023-11-17 04:56:54', '2023-11-17 04:56:54'),
(198, 198, 'uploaded', '2023-11-17', 0.90, 0.00, 0.00, 0.00, 0.00, 0.70, 0.20, 0.00, 0.00, 1.10, 1, '2023-11-17 04:56:54', '2023-11-17 04:56:54'),
(199, 199, 'uploaded', '2023-11-17', 0.20, 0.00, 0.00, 0.00, 0.25, 0.45, 0.00, 0.00, 0.00, 0.45, 1, '2023-11-17 04:56:54', '2023-11-17 04:56:54'),
(200, 200, 'uploaded', '2023-11-17', 0.45, 0.00, 0.00, 0.00, 0.00, 0.20, 0.25, 0.00, 0.00, 0.70, 1, '2023-11-17 04:56:54', '2023-11-17 04:56:54'),
(201, 201, 'uploaded', '2023-11-17', 0.45, 0.00, 0.00, 0.00, 0.00, 0.45, 0.00, 0.00, 0.00, 0.45, 1, '2023-11-17 04:56:54', '2023-11-17 04:56:54'),
(202, 202, 'uploaded', '2023-11-17', 0.30, 0.00, 0.00, 0.00, 0.00, 0.30, 0.00, 0.00, 0.00, 0.30, 1, '2023-11-17 04:56:54', '2023-11-17 04:56:54'),
(203, 203, 'uploaded', '2023-11-17', 0.00, 0.00, 0.20, 0.00, 0.00, 0.20, 0.00, 0.00, 0.00, 0.20, 1, '2023-11-17 04:56:54', '2023-11-17 04:56:54'),
(204, 204, 'uploaded', '2023-11-17', 0.30, 0.00, 0.00, 0.00, 0.00, 0.30, 0.00, 0.00, 0.00, 0.30, 1, '2023-11-17 04:56:54', '2023-11-17 04:56:54'),
(205, 205, 'uploaded', '2023-11-17', 0.00, 0.30, 0.00, 0.00, 0.00, 0.10, 0.00, 0.20, 0.00, 0.30, 1, '2023-11-17 04:56:54', '2023-11-17 04:56:54'),
(206, 206, 'uploaded', '2023-11-17', 0.50, 0.00, 0.00, 0.00, 0.00, 0.00, 0.30, 0.20, 0.00, 0.80, 1, '2023-11-17 04:56:55', '2023-11-17 04:56:55'),
(207, 207, 'uploaded', '2023-11-17', 0.75, 0.00, 0.00, 0.00, 0.00, 0.55, 0.20, 0.00, 0.00, 0.95, 1, '2023-11-17 04:56:55', '2023-11-17 04:56:55'),
(208, 208, 'uploaded', '2023-11-17', 0.30, 0.00, 0.00, 0.00, 0.00, 0.30, 0.00, 0.00, 0.00, 0.30, 1, '2023-11-17 04:56:55', '2023-11-17 04:56:55'),
(209, 209, 'uploaded', '2023-11-17', 0.30, 0.00, 0.00, 0.00, 0.00, 0.30, 0.00, 0.00, 0.00, 0.30, 1, '2023-11-17 04:56:55', '2023-11-17 04:56:55'),
(210, 210, 'uploaded', '2023-11-17', 0.90, 0.00, 0.00, 0.00, 0.00, 0.90, 0.00, 0.00, 0.00, 0.90, 1, '2023-11-17 04:56:55', '2023-11-17 04:56:55'),
(211, 211, 'uploaded', '2023-11-17', 0.40, 0.00, 0.00, 0.00, 0.00, 0.40, 0.00, 0.00, 0.00, 0.40, 1, '2023-11-17 04:56:55', '2023-11-17 04:56:55'),
(212, 212, 'uploaded', '2023-11-17', 0.00, 0.60, 0.00, 0.00, 0.00, 0.00, 0.60, 0.00, 0.00, 1.20, 1, '2023-11-17 04:56:55', '2023-11-17 04:56:55'),
(213, 213, 'uploaded', '2023-11-17', 0.50, 0.00, 0.00, 0.00, 0.00, 0.50, 0.00, 0.00, 0.00, 0.50, 1, '2023-11-17 04:56:55', '2023-11-17 04:56:55'),
(214, 214, 'uploaded', '2023-11-17', 0.30, 0.00, 0.00, 0.00, 0.00, 0.30, 0.00, 0.00, 0.00, 0.30, 1, '2023-11-17 04:56:55', '2023-11-17 04:56:55'),
(215, 215, 'uploaded', '2023-11-17', 0.20, 0.00, 0.00, 0.00, 0.00, 0.20, 0.00, 0.00, 0.00, 0.20, 1, '2023-11-17 04:56:55', '2023-11-17 04:56:55'),
(216, 216, 'uploaded', '2023-11-17', 0.60, 0.00, 0.00, 0.00, 0.00, 0.60, 0.00, 0.00, 0.00, 0.60, 1, '2023-11-17 04:56:55', '2023-11-17 04:56:55'),
(217, 217, 'uploaded', '2023-11-17', 0.00, 0.20, 0.00, 0.00, 0.10, 0.00, 0.10, 0.20, 0.00, 0.40, 1, '2023-11-17 04:56:55', '2023-11-17 04:56:55'),
(218, 218, 'uploaded', '2023-11-17', 2.00, 0.00, 0.00, 0.00, 0.00, 2.00, 0.00, 0.00, 0.00, 2.00, 1, '2023-11-17 04:56:55', '2023-11-17 04:56:55'),
(219, 219, 'uploaded', '2023-11-17', 1.00, 0.00, 0.00, 0.00, 0.00, 0.80, 0.20, 0.00, 0.00, 1.20, 1, '2023-11-17 04:56:55', '2023-11-17 04:56:55'),
(220, 220, 'uploaded', '2023-11-17', 1.00, 0.00, 0.00, 0.00, 0.00, 1.00, 0.00, 0.00, 0.00, 1.00, 1, '2023-11-17 04:56:55', '2023-11-17 04:56:55'),
(221, 221, 'uploaded', '2023-11-17', 0.00, 0.30, 0.00, 0.00, 0.00, 0.30, 0.00, 0.00, 0.00, 0.30, 1, '2023-11-17 04:56:55', '2023-11-17 04:56:55'),
(222, 222, 'uploaded', '2023-11-17', 0.00, 1.50, 0.00, 0.00, 0.00, 1.30, 0.20, 0.00, 0.00, 1.70, 1, '2023-11-17 04:56:55', '2023-11-17 04:56:55'),
(223, 223, 'uploaded', '2023-11-17', 1.00, 0.00, 0.00, 0.00, 0.00, 1.00, 0.00, 0.00, 0.00, 1.00, 1, '2023-11-17 04:56:55', '2023-11-17 04:56:55'),
(224, 224, 'uploaded', '2023-11-17', 0.00, 0.50, 0.00, 0.00, 0.00, 0.50, 0.00, 0.00, 0.00, 0.50, 1, '2023-11-17 04:56:55', '2023-11-17 04:56:55'),
(225, 225, 'uploaded', '2023-11-17', 2.00, 2.20, 0.00, 0.00, 0.00, 1.30, 2.50, 0.40, 0.00, 6.70, 1, '2023-11-17 04:56:55', '2023-11-17 04:56:55'),
(226, 226, 'uploaded', '2023-11-17', 0.50, 1.20, 0.40, 0.00, 0.00, 1.50, 0.60, 0.00, 0.00, 2.70, 1, '2023-11-17 04:56:55', '2023-11-17 04:56:55'),
(227, 227, 'uploaded', '2023-11-17', 0.00, 0.50, 0.00, 0.00, 0.00, 0.50, 0.00, 0.00, 0.00, 0.50, 1, '2023-11-17 04:56:55', '2023-11-17 04:56:55'),
(228, 228, 'uploaded', '2023-11-17', 0.00, 0.50, 0.00, 0.00, 0.00, 0.00, 0.50, 0.00, 0.00, 1.00, 1, '2023-11-17 04:56:55', '2023-11-17 04:56:55'),
(229, 229, 'uploaded', '2023-11-17', 0.00, 0.20, 0.00, 0.00, 0.10, 0.00, 0.10, 0.20, 0.00, 0.40, 1, '2023-11-17 04:56:55', '2023-11-17 04:56:55'),
(230, 230, 'uploaded', '2023-11-17', 0.30, 0.00, 0.00, 0.00, 0.00, 0.30, 0.00, 0.00, 0.00, 0.30, 1, '2023-11-17 04:56:55', '2023-11-17 04:56:55'),
(231, 231, 'uploaded', '2023-11-17', 0.80, 0.00, 0.00, 0.00, 0.00, 0.80, 0.00, 0.00, 0.00, 0.80, 1, '2023-11-17 04:56:55', '2023-11-17 04:56:55'),
(232, 232, 'uploaded', '2023-11-17', 0.20, 0.80, 0.00, 0.00, 0.00, 0.20, 0.80, 0.00, 0.00, 1.80, 1, '2023-11-17 04:56:55', '2023-11-17 04:56:55'),
(233, 233, 'uploaded', '2023-11-17', 0.30, 0.00, 0.00, 0.00, 0.00, 0.30, 0.00, 0.00, 0.00, 0.30, 1, '2023-11-17 04:56:55', '2023-11-17 04:56:55'),
(234, 234, 'uploaded', '2023-11-17', 0.00, 0.40, 0.00, 0.00, 0.00, 0.20, 0.00, 0.20, 0.00, 0.40, 1, '2023-11-17 04:56:55', '2023-11-17 04:56:55'),
(235, 235, 'uploaded', '2023-11-17', 1.60, 0.00, 0.00, 0.00, 0.00, 1.60, 0.00, 0.00, 0.00, 1.60, 1, '2023-11-17 04:56:55', '2023-11-17 04:56:55'),
(236, 236, 'uploaded', '2023-11-17', 0.00, 0.30, 0.00, 0.00, 0.00, 0.00, 0.30, 0.00, 0.00, 0.60, 1, '2023-11-17 04:56:55', '2023-11-17 04:56:55'),
(237, 237, 'uploaded', '2023-11-17', 0.00, 0.40, 0.00, 0.00, 0.00, 0.20, 0.20, 0.00, 0.00, 0.60, 1, '2023-11-17 04:56:55', '2023-11-17 04:56:55'),
(238, 238, 'uploaded', '2023-11-17', 0.80, 0.00, 0.00, 0.00, 0.00, 0.80, 0.00, 0.00, 0.00, 0.80, 1, '2023-11-17 04:56:55', '2023-11-17 04:56:55'),
(239, 239, 'uploaded', '2023-11-17', 0.40, 0.00, 0.00, 0.00, 0.00, 0.40, 0.00, 0.00, 0.00, 0.40, 1, '2023-11-17 04:56:55', '2023-11-17 04:56:55'),
(240, 240, 'uploaded', '2023-11-17', 0.50, 0.00, 0.00, 0.00, 0.00, 0.50, 0.00, 0.00, 0.00, 0.50, 1, '2023-11-17 04:56:55', '2023-11-17 04:56:55'),
(241, 241, 'uploaded', '2023-11-17', 0.00, 0.70, 0.00, 0.00, 0.00, 0.40, 0.30, 0.00, 0.00, 1.00, 1, '2023-11-17 04:56:55', '2023-11-17 04:56:55'),
(242, 242, 'uploaded', '2023-11-17', 0.00, 0.20, 0.00, 0.00, 0.00, 0.20, 0.00, 0.00, 0.00, 0.20, 1, '2023-11-17 04:56:55', '2023-11-17 04:56:55'),
(243, 243, 'uploaded', '2023-11-17', 0.00, 0.70, 0.00, 0.00, 0.00, 0.00, 0.50, 0.20, 0.00, 1.20, 1, '2023-11-17 04:56:55', '2023-11-17 04:56:55'),
(244, 244, 'uploaded', '2023-11-17', 0.70, 0.00, 0.00, 0.00, 0.00, 0.70, 0.00, 0.00, 0.00, 0.70, 1, '2023-11-17 04:56:55', '2023-11-17 04:56:55'),
(245, 245, 'uploaded', '2023-11-17', 0.00, 0.30, 0.00, 0.00, 0.00, 0.10, 0.00, 0.00, 0.20, 0.30, 1, '2023-11-17 04:56:55', '2023-11-17 04:56:55'),
(246, 246, 'uploaded', '2023-11-17', 0.00, 0.30, 0.00, 0.00, 0.00, 0.30, 0.00, 0.00, 0.00, 0.30, 1, '2023-11-17 04:56:55', '2023-11-17 04:56:55'),
(247, 247, 'uploaded', '2023-11-17', 0.00, 0.30, 0.00, 0.00, 0.00, 0.30, 0.00, 0.00, 0.00, 0.30, 1, '2023-11-17 04:56:55', '2023-11-17 04:56:55'),
(248, 248, 'uploaded', '2023-11-17', 0.00, 0.30, 0.00, 0.00, 0.00, 0.30, 0.00, 0.00, 0.00, 0.30, 1, '2023-11-17 04:56:55', '2023-11-17 04:56:55'),
(249, 249, 'uploaded', '2023-11-17', 0.84, 0.00, 0.00, 0.00, 0.00, 0.84, 0.00, 0.00, 0.00, 0.84, 1, '2023-11-17 04:56:55', '2023-11-17 04:56:55'),
(250, 250, 'uploaded', '2023-11-17', 0.40, 0.00, 0.00, 0.00, 0.20, 0.00, 0.60, 0.00, 0.00, 1.20, 1, '2023-11-17 04:56:55', '2023-11-17 04:56:55'),
(251, 251, 'uploaded', '2023-11-17', 0.40, 0.00, 0.20, 0.00, 0.00, 0.00, 0.60, 0.00, 0.00, 1.20, 1, '2023-11-17 04:56:55', '2023-11-17 04:56:55'),
(252, 252, 'uploaded', '2023-11-17', 0.50, 0.00, 0.00, 0.00, 0.00, 0.00, 0.50, 0.00, 0.00, 1.00, 1, '2023-11-17 04:56:55', '2023-11-17 04:56:55'),
(253, 253, 'uploaded', '2023-11-17', 0.30, 0.00, 0.00, 0.00, 0.00, 0.00, 0.30, 0.00, 0.00, 0.60, 1, '2023-11-17 04:56:55', '2023-11-17 04:56:55'),
(254, 254, 'uploaded', '2023-11-17', 0.60, 0.00, 0.00, 0.00, 0.00, 0.00, 0.60, 0.00, 0.00, 1.20, 1, '2023-11-17 04:56:55', '2023-11-17 04:56:55'),
(255, 255, 'uploaded', '2023-11-17', 0.30, 0.00, 0.00, 0.00, 0.00, 0.00, 0.30, 0.00, 0.00, 0.60, 1, '2023-11-17 04:56:55', '2023-11-17 04:56:55'),
(256, 256, 'uploaded', '2023-11-17', 0.20, 0.00, 0.00, 0.00, 0.00, 0.20, 0.00, 0.00, 0.00, 0.20, 1, '2023-11-17 04:56:55', '2023-11-17 04:56:55'),
(257, 257, 'uploaded', '2023-11-17', 0.30, 0.00, 0.00, 0.00, 0.00, 0.00, 0.30, 0.00, 0.00, 0.60, 1, '2023-11-17 04:56:55', '2023-11-17 04:56:55'),
(258, 258, 'uploaded', '2023-11-17', 0.50, 0.00, 0.00, 0.00, 0.00, 0.00, 0.50, 0.00, 0.00, 1.00, 1, '2023-11-17 04:56:55', '2023-11-17 04:56:55'),
(259, 259, 'uploaded', '2023-11-17', 0.30, 0.00, 0.00, 0.00, 0.00, 0.30, 0.00, 0.00, 0.00, 0.30, 1, '2023-11-17 04:56:55', '2023-11-17 04:56:55'),
(260, 260, 'uploaded', '2023-11-17', 1.60, 0.00, 0.00, 0.00, 0.00, 0.00, 1.60, 0.00, 0.00, 3.20, 1, '2023-11-17 04:56:55', '2023-11-17 04:56:55'),
(261, 261, 'uploaded', '2023-11-17', 0.50, 0.00, 0.00, 0.00, 0.00, 0.00, 0.50, 0.00, 0.00, 1.00, 1, '2023-11-17 04:56:55', '2023-11-17 04:56:55'),
(262, 262, 'uploaded', '2023-11-17', 0.40, 0.00, 0.00, 0.00, 0.00, 0.00, 0.40, 0.00, 0.00, 0.80, 1, '2023-11-17 04:56:55', '2023-11-17 04:56:55'),
(263, 263, 'uploaded', '2023-11-17', 0.40, 0.00, 0.00, 0.00, 0.00, 0.00, 0.40, 0.00, 0.00, 0.80, 1, '2023-11-17 04:56:55', '2023-11-17 04:56:55'),
(264, 264, 'uploaded', '2023-11-17', 0.50, 0.00, 0.00, 0.00, 0.00, 0.00, 0.50, 0.00, 0.00, 1.00, 1, '2023-11-17 04:56:55', '2023-11-17 04:56:55'),
(265, 265, 'uploaded', '2023-11-17', 0.40, 0.00, 0.00, 0.00, 0.00, 0.00, 0.40, 0.00, 0.00, 0.80, 1, '2023-11-17 04:56:55', '2023-11-17 04:56:55'),
(266, 266, 'uploaded', '2023-11-17', 0.60, 0.00, 0.00, 0.00, 0.00, 0.00, 0.60, 0.00, 0.00, 1.20, 1, '2023-11-17 04:56:55', '2023-11-17 04:56:55'),
(267, 267, 'uploaded', '2023-11-17', 0.30, 0.00, 0.00, 0.00, 0.00, 0.00, 0.30, 0.00, 0.00, 0.60, 1, '2023-11-17 04:56:55', '2023-11-17 04:56:55'),
(268, 268, 'uploaded', '2023-11-17', 0.40, 0.00, 0.00, 0.00, 0.00, 0.00, 0.40, 0.00, 0.00, 0.80, 1, '2023-11-17 04:56:55', '2023-11-17 04:56:55'),
(269, 269, 'uploaded', '2023-11-17', 0.20, 0.00, 0.00, 0.00, 0.00, 0.00, 0.20, 0.00, 0.00, 0.40, 1, '2023-11-17 04:56:55', '2023-11-17 04:56:55'),
(270, 270, 'uploaded', '2023-11-17', 0.20, 0.00, 0.00, 0.00, 0.00, 0.00, 0.20, 0.00, 0.00, 0.40, 1, '2023-11-17 04:56:55', '2023-11-17 04:56:55'),
(271, 271, 'uploaded', '2023-11-17', 0.10, 0.00, 0.00, 0.00, 0.00, 0.00, 0.10, 0.00, 0.00, 0.20, 1, '2023-11-17 04:56:55', '2023-11-17 04:56:55'),
(272, 272, 'uploaded', '2023-11-17', 0.20, 0.00, 0.00, 0.00, 0.00, 0.00, 0.20, 0.00, 0.00, 0.40, 1, '2023-11-17 04:56:56', '2023-11-17 04:56:56'),
(273, 273, 'uploaded', '2023-11-17', 0.50, 0.00, 0.00, 0.00, 0.00, 0.00, 0.50, 0.00, 0.00, 1.00, 1, '2023-11-17 04:56:56', '2023-11-17 04:56:56'),
(274, 274, 'uploaded', '2023-11-17', 0.30, 0.00, 0.00, 0.00, 0.00, 0.00, 0.30, 0.00, 0.00, 0.60, 1, '2023-11-17 04:56:56', '2023-11-17 04:56:56'),
(275, 275, 'uploaded', '2023-11-17', 0.40, 0.00, 0.00, 0.00, 0.00, 0.00, 0.40, 0.00, 0.00, 0.80, 1, '2023-11-17 04:56:56', '2023-11-17 04:56:56'),
(276, 276, 'uploaded', '2023-11-17', 0.40, 0.00, 0.00, 0.00, 0.00, 0.00, 0.40, 0.00, 0.00, 0.80, 1, '2023-11-17 04:56:56', '2023-11-17 04:56:56'),
(277, 277, 'uploaded', '2023-11-17', 1.10, 0.00, 0.00, 0.00, 0.00, 1.10, 0.00, 0.00, 0.00, 1.10, 1, '2023-11-17 04:56:56', '2023-11-17 04:56:56'),
(278, 278, 'uploaded', '2023-11-17', 0.50, 0.00, 0.00, 0.00, 0.00, 0.50, 0.00, 0.00, 0.00, 0.50, 1, '2023-11-17 04:56:56', '2023-11-17 04:56:56'),
(279, 279, 'uploaded', '2023-11-17', 0.50, 0.00, 0.00, 0.00, 0.00, 0.20, 0.30, 0.00, 0.00, 0.80, 1, '2023-11-17 04:56:56', '2023-11-17 04:56:56'),
(280, 280, 'uploaded', '2023-11-17', 0.50, 0.00, 0.00, 0.00, 0.00, 0.45, 0.05, 0.00, 0.00, 0.55, 1, '2023-11-17 04:56:56', '2023-11-17 04:56:56'),
(281, 281, 'uploaded', '2023-11-17', 0.50, 0.00, 0.00, 0.00, 0.00, 0.00, 0.50, 0.00, 0.00, 1.00, 1, '2023-11-17 04:56:56', '2023-11-17 04:56:56'),
(282, 282, 'uploaded', '2023-11-17', 1.10, 0.00, 0.00, 0.00, 0.00, 1.10, 0.00, 0.00, 0.00, 1.10, 1, '2023-11-17 04:56:56', '2023-11-17 04:56:56'),
(283, 283, 'uploaded', '2023-11-17', 0.30, 0.00, 0.00, 0.00, 0.00, 0.30, 0.00, 0.00, 0.00, 0.30, 1, '2023-11-17 04:56:56', '2023-11-17 04:56:56'),
(284, 284, 'uploaded', '2023-11-17', 0.60, 0.40, 0.00, 0.00, 0.00, 1.00, 0.00, 0.00, 0.00, 1.00, 1, '2023-11-17 04:56:56', '2023-11-17 04:56:56'),
(285, 285, 'uploaded', '2023-11-17', 0.80, 0.00, 0.00, 0.00, 0.00, 0.60, 0.20, 0.00, 0.00, 1.00, 1, '2023-11-17 04:56:56', '2023-11-17 04:56:56'),
(286, 286, 'uploaded', '2023-11-17', 0.00, 0.50, 0.00, 0.00, 0.00, 0.40, 0.10, 0.00, 0.00, 0.60, 1, '2023-11-17 04:56:56', '2023-11-17 04:56:56'),
(287, 287, 'uploaded', '2023-11-17', 0.00, 0.30, 0.00, 0.00, 0.00, 0.00, 0.00, 0.30, 0.00, 0.30, 1, '2023-11-17 04:56:56', '2023-11-17 04:56:56'),
(288, 288, 'uploaded', '2023-11-17', 0.50, 0.00, 0.00, 0.00, 0.00, 0.00, 0.20, 0.30, 0.00, 0.70, 1, '2023-11-17 04:56:56', '2023-11-17 04:56:56'),
(289, 289, 'uploaded', '2023-11-17', 0.80, 0.00, 0.00, 0.00, 0.00, 0.80, 0.00, 0.00, 0.00, 0.80, 1, '2023-11-17 04:56:56', '2023-11-17 04:56:56'),
(290, 290, 'uploaded', '2023-11-17', 0.60, 0.00, 0.00, 0.00, 0.00, 0.00, 0.60, 0.00, 0.00, 1.20, 1, '2023-11-17 04:56:56', '2023-11-17 04:56:56'),
(291, 291, 'uploaded', '2023-11-17', 0.90, 0.00, 0.00, 0.00, 0.00, 0.00, 0.90, 0.00, 0.00, 1.80, 1, '2023-11-17 04:56:56', '2023-11-17 04:56:56'),
(292, 292, 'uploaded', '2023-11-17', 0.80, 0.00, 0.00, 0.00, 0.00, 0.20, 0.60, 0.00, 0.00, 1.40, 1, '2023-11-17 04:56:56', '2023-11-17 04:56:56'),
(293, 293, 'uploaded', '2023-11-17', 0.60, 0.00, 0.00, 0.00, 0.00, 0.00, 0.60, 0.00, 0.00, 1.20, 1, '2023-11-17 04:56:56', '2023-11-17 04:56:56'),
(294, 294, 'uploaded', '2023-11-17', 0.50, 0.00, 0.00, 0.00, 0.00, 0.00, 0.50, 0.00, 0.00, 1.00, 1, '2023-11-17 04:56:56', '2023-11-17 04:56:56'),
(295, 295, 'uploaded', '2023-11-17', 0.10, 0.00, 0.00, 0.00, 0.00, 0.00, 0.10, 0.00, 0.00, 0.20, 1, '2023-11-17 04:56:56', '2023-11-17 04:56:56'),
(296, 296, 'uploaded', '2023-11-17', 0.10, 0.00, 0.00, 0.00, 0.00, 0.00, 0.10, 0.00, 0.00, 0.20, 1, '2023-11-17 04:56:56', '2023-11-17 04:56:56'),
(297, 297, 'uploaded', '2023-11-17', 0.00, 0.00, 0.00, 0.00, 0.10, 0.00, 0.10, 0.00, 0.00, 0.20, 1, '2023-11-17 04:56:56', '2023-11-17 04:56:56'),
(298, 298, 'uploaded', '2023-11-17', 0.10, 0.00, 0.00, 0.00, 0.00, 0.00, 0.10, 0.00, 0.00, 0.20, 1, '2023-11-17 04:56:56', '2023-11-17 04:56:56'),
(299, 299, 'uploaded', '2023-11-17', 1.00, 0.00, 0.00, 0.00, 0.00, 0.00, 1.00, 0.00, 0.00, 2.00, 1, '2023-11-17 04:56:56', '2023-11-17 04:56:56'),
(300, 300, 'uploaded', '2023-11-17', 0.50, 0.00, 0.00, 0.00, 0.00, 0.00, 0.50, 0.00, 0.00, 1.00, 1, '2023-11-17 04:56:56', '2023-11-17 04:56:56'),
(301, 301, 'uploaded', '2023-11-17', 0.10, 0.00, 0.00, 0.00, 0.00, 0.00, 0.10, 0.00, 0.00, 0.20, 1, '2023-11-17 04:56:56', '2023-11-17 04:56:56'),
(302, 302, 'uploaded', '2023-11-17', 0.00, 1.10, 0.00, 0.00, 0.00, 0.00, 1.10, 0.00, 0.00, 2.20, 1, '2023-11-17 04:56:56', '2023-11-17 04:56:56'),
(303, 303, 'uploaded', '2023-11-17', 0.78, 0.00, 0.00, 0.00, 0.00, 0.00, 0.78, 0.00, 0.00, 1.56, 1, '2023-11-17 04:56:56', '2023-11-17 04:56:56'),
(304, 304, 'uploaded', '2023-11-17', 0.00, 0.00, 0.00, 0.60, 0.35, 0.00, 0.00, 0.00, 0.95, 0.95, 1, '2023-11-17 04:56:56', '2023-11-17 04:56:56'),
(305, 305, 'uploaded', '2023-11-17', 0.80, 0.00, 1.50, 0.00, 0.00, 0.20, 1.97, 0.13, 0.00, 4.27, 1, '2023-11-17 04:56:56', '2023-11-17 04:56:56'),
(306, 306, 'uploaded', '2023-11-17', 0.90, 0.00, 0.00, 0.00, 0.00, 0.90, 0.00, 0.00, 0.00, 0.90, 1, '2023-11-17 04:56:56', '2023-11-17 04:56:56'),
(307, 307, 'uploaded', '2023-11-17', 2.30, 0.00, 0.00, 0.00, 0.00, 0.00, 2.30, 0.00, 0.00, 4.60, 1, '2023-11-17 04:56:56', '2023-11-17 04:56:56'),
(308, 308, 'uploaded', '2023-11-17', 1.50, 0.00, 0.00, 0.00, 0.00, 0.00, 0.90, 0.60, 0.00, 2.40, 1, '2023-11-17 04:56:56', '2023-11-17 04:56:56'),
(309, 309, 'uploaded', '2023-11-17', 1.20, 0.00, 0.00, 0.00, 0.00, 0.60, 0.60, 0.00, 0.00, 1.80, 1, '2023-11-17 04:56:56', '2023-11-17 04:56:56'),
(310, 310, 'uploaded', '2023-11-17', 1.20, 0.20, 0.00, 0.00, 0.00, 0.00, 1.40, 0.00, 0.00, 2.80, 1, '2023-11-17 04:56:56', '2023-11-17 04:56:56'),
(311, 311, 'uploaded', '2023-11-17', 0.60, 1.00, 0.00, 0.00, 0.00, 0.50, 0.60, 0.50, 0.00, 2.20, 1, '2023-11-17 04:56:56', '2023-11-17 04:56:56'),
(312, 312, 'uploaded', '2023-11-17', 0.00, 1.40, 0.00, 0.20, 0.00, 0.00, 1.38, 0.00, 0.22, 2.98, 1, '2023-11-17 04:56:57', '2023-11-17 04:56:57'),
(313, 313, 'uploaded', '2023-11-17', 0.80, 0.00, 0.00, 0.00, 0.00, 0.00, 0.80, 0.00, 0.00, 1.60, 1, '2023-11-17 04:56:57', '2023-11-17 04:56:57'),
(314, 314, 'uploaded', '2023-11-17', 0.00, 0.20, 0.00, 0.00, 0.00, 0.00, 0.20, 0.00, 0.00, 0.40, 1, '2023-11-17 04:56:57', '2023-11-17 04:56:57'),
(315, 315, 'uploaded', '2023-11-17', 0.42, 0.00, 0.00, 0.00, 0.00, 0.00, 0.42, 0.00, 0.00, 0.84, 1, '2023-11-17 04:56:57', '2023-11-17 04:56:57');

-- --------------------------------------------------------

--
-- Struktur dari tabel `status_jembatans`
--

CREATE TABLE `status_jembatans` (
  `id` bigint(20) UNSIGNED NOT NULL,
  `infrastruktur_jembatan_id` bigint(20) UNSIGNED NOT NULL,
  `ruasjalan_no` varchar(255) NOT NULL,
  `jembatan_nolama` varchar(255) NOT NULL,
  `jembatan_nobaru` varchar(255) NOT NULL,
  `ruasjalan_panjang` varchar(255) NOT NULL,
  `ruasjalan_nama` varchar(255) NOT NULL,
  `jembatan_nourut` varchar(255) NOT NULL,
  `jembatan_nama` varchar(255) NOT NULL,
  `koordinat_x` varchar(255) NOT NULL,
  `koordinat_y` varchar(255) NOT NULL,
  `pal_km` varchar(255) NOT NULL,
  `tipe_struktur` varchar(255) NOT NULL,
  `tipe_penyeberangan` varchar(255) NOT NULL,
  `jembatan_panjang` varchar(255) NOT NULL,
  `jembatan_lebarjalur` varchar(255) NOT NULL,
  `jembatan_lebartotal` varchar(255) NOT NULL,
  `jembatan_jumlahbentang` varchar(255) NOT NULL,
  `nk2_kondisi_1` varchar(255) NOT NULL,
  `nk2_kondisi_2` varchar(255) NOT NULL,
  `nk2_kondisi_3` varchar(255) NOT NULL,
  `nk2_kondisi_4` varchar(255) NOT NULL,
  `nk2_kondisi_5` varchar(255) NOT NULL,
  `nk2_kondisi_6` varchar(255) NOT NULL,
  `nk2_kondisi_7` varchar(255) NOT NULL,
  `nk2_kondisi_8` varchar(255) NOT NULL,
  `nk2_kondisi_9` varchar(255) NOT NULL,
  `nk2_kondisi_10` varchar(255) NOT NULL,
  `nk2_aliranutama` varchar(255) NOT NULL,
  `nk_bangunanbawah` varchar(255) NOT NULL,
  `nk_bangunanatas` varchar(255) NOT NULL,
  `nk_perlengkapan` varchar(255) NOT NULL,
  `nk_gorong` varchar(255) NOT NULL,
  `nk_lintasanbasah` varchar(255) NOT NULL,
  `nk1_jembatan` varchar(255) NOT NULL,
  `kondisi` varchar(255) NOT NULL,
  `penanganan` varchar(255) NOT NULL,
  `tanggal_data` varchar(255) NOT NULL,
  `created_at` timestamp NULL DEFAULT NULL,
  `updated_at` timestamp NULL DEFAULT NULL
) ENGINE=InnoDB DEFAULT CHARSET=utf8mb4 COLLATE=utf8mb4_unicode_ci;

-- --------------------------------------------------------

--
-- Struktur dari tabel `tempat_wisatas`
--

CREATE TABLE `tempat_wisatas` (
  `id` bigint(20) UNSIGNED NOT NULL,
  `nama` varchar(255) NOT NULL,
  `deskripsi` text NOT NULL,
  `thumbnail` varchar(255) DEFAULT NULL,
  `created_at` timestamp NULL DEFAULT NULL,
  `updated_at` timestamp NULL DEFAULT NULL
) ENGINE=InnoDB DEFAULT CHARSET=utf8mb4 COLLATE=utf8mb4_unicode_ci;

-- --------------------------------------------------------

--
-- Struktur dari tabel `tenaga_kesehatans`
--

CREATE TABLE `tenaga_kesehatans` (
  `id` bigint(20) UNSIGNED NOT NULL,
  `fasyankes_id` bigint(20) UNSIGNED NOT NULL,
  `kesehatan_poli_id` bigint(20) UNSIGNED NOT NULL,
  `nama` varchar(255) NOT NULL,
  `kepegawaian` varchar(255) DEFAULT NULL,
  `jabatan` varchar(255) DEFAULT NULL,
  `alamat` varchar(255) DEFAULT NULL,
  `created_at` timestamp NULL DEFAULT NULL,
  `updated_at` timestamp NULL DEFAULT NULL
) ENGINE=InnoDB DEFAULT CHARSET=utf8mb4 COLLATE=utf8mb4_unicode_ci;

-- --------------------------------------------------------

--
-- Struktur dari tabel `users`
--

CREATE TABLE `users` (
  `id` bigint(20) UNSIGNED NOT NULL,
  `username` varchar(255) NOT NULL,
  `satker` varchar(255) NOT NULL,
  `password` varchar(255) NOT NULL,
  `credential_id` bigint(20) UNSIGNED NOT NULL,
  `created_at` timestamp NULL DEFAULT NULL,
  `updated_at` timestamp NULL DEFAULT NULL
) ENGINE=InnoDB DEFAULT CHARSET=utf8mb4 COLLATE=utf8mb4_unicode_ci;

--
-- Dumping data untuk tabel `users`
--

INSERT INTO `users` (`id`, `username`, `satker`, `password`, `credential_id`, `created_at`, `updated_at`) VALUES
(1, 'admin', 'Pemerintah Kab. Ponorogo', '$2y$10$We/wuoG0irdT4e7q.WRHku/hZJVO92BBClhIDQD0oXU3KrDMRaNWq', 1, '2023-11-14 19:59:20', '2023-11-14 19:59:20');

--
-- Indexes for dumped tables
--

--
-- Indeks untuk tabel `anggota_kelompok_masyarakat_tanis`
--
ALTER TABLE `anggota_kelompok_masyarakat_tanis`
  ADD PRIMARY KEY (`id`),
  ADD KEY `anggota_kelompok_masyarakat_tanis_kmt_id_foreign` (`kmt_id`);

--
-- Indeks untuk tabel `desas`
--
ALTER TABLE `desas`
  ADD PRIMARY KEY (`id`),
  ADD KEY `desas_kecamatan_id_foreign` (`kecamatan_id`);

--
-- Indeks untuk tabel `desa_to_jalans`
--
ALTER TABLE `desa_to_jalans`
  ADD PRIMARY KEY (`id`),
  ADD KEY `desa_to_jalans_desa_id_foreign` (`desa_id`);

--
-- Indeks untuk tabel `desa_to_jembatans`
--
ALTER TABLE `desa_to_jembatans`
  ADD PRIMARY KEY (`id`),
  ADD KEY `desa_to_jembatans_desa_id_foreign` (`desa_id`);

--
-- Indeks untuk tabel `desa_to_sekolahs`
--
ALTER TABLE `desa_to_sekolahs`
  ADD PRIMARY KEY (`id`),
  ADD KEY `desa_to_sekolahs_desa_id_foreign` (`desa_id`),
  ADD KEY `desa_to_sekolahs_sekolah_id_foreign` (`sekolah_id`);

--
-- Indeks untuk tabel `desa_to_wisatas`
--
ALTER TABLE `desa_to_wisatas`
  ADD PRIMARY KEY (`id`),
  ADD KEY `desa_to_wisatas_desa_id_foreign` (`desa_id`),
  ADD KEY `desa_to_wisatas_tempat_wisata_id_foreign` (`tempat_wisata_id`);

--
-- Indeks untuk tabel `fasyankes`
--
ALTER TABLE `fasyankes`
  ADD PRIMARY KEY (`id`),
  ADD KEY `fasyankes_desa_id_foreign` (`desa_id`),
  ADD KEY `fasyankes_jenis_fasyankes_id_foreign` (`jenis_fasyankes_id`);

--
-- Indeks untuk tabel `foto_sekolahs`
--
ALTER TABLE `foto_sekolahs`
  ADD PRIMARY KEY (`id`),
  ADD KEY `foto_sekolahs_sekolah_id_foreign` (`sekolah_id`);

--
-- Indeks untuk tabel `foto_wisatas`
--
ALTER TABLE `foto_wisatas`
  ADD PRIMARY KEY (`id`),
  ADD KEY `foto_wisatas_tempat_wisata_id_foreign` (`tempat_wisata_id`);

--
-- Indeks untuk tabel `guru_sekolahs`
--
ALTER TABLE `guru_sekolahs`
  ADD PRIMARY KEY (`id`),
  ADD KEY `guru_sekolahs_sekolah_id_foreign` (`sekolah_id`);

--
-- Indeks untuk tabel `infrastruktur_jalans`
--
ALTER TABLE `infrastruktur_jalans`
  ADD PRIMARY KEY (`id`);

--
-- Indeks untuk tabel `infrastruktur_jembatans`
--
ALTER TABLE `infrastruktur_jembatans`
  ADD PRIMARY KEY (`id`);

--
-- Indeks untuk tabel `jenis_fasyankes`
--
ALTER TABLE `jenis_fasyankes`
  ADD PRIMARY KEY (`id`);

--
-- Indeks untuk tabel `jenis_lahans`
--
ALTER TABLE `jenis_lahans`
  ADD PRIMARY KEY (`id`);

--
-- Indeks untuk tabel `jenis_pasars`
--
ALTER TABLE `jenis_pasars`
  ADD PRIMARY KEY (`id`);

--
-- Indeks untuk tabel `jenis_sekolahs`
--
ALTER TABLE `jenis_sekolahs`
  ADD PRIMARY KEY (`id`);

--
-- Indeks untuk tabel `kecamatans`
--
ALTER TABLE `kecamatans`
  ADD PRIMARY KEY (`id`);

--
-- Indeks untuk tabel `kecamatan_to_jalans`
--
ALTER TABLE `kecamatan_to_jalans`
  ADD PRIMARY KEY (`id`),
  ADD KEY `kecamatan_to_jalans_kecamatan_id_foreign` (`kecamatan_id`);

--
-- Indeks untuk tabel `kecamatan_to_jembatans`
--
ALTER TABLE `kecamatan_to_jembatans`
  ADD PRIMARY KEY (`id`),
  ADD KEY `kecamatan_to_jembatans_kecamatan_id_foreign` (`kecamatan_id`);

--
-- Indeks untuk tabel `kelompok_masyarakat_tanis`
--
ALTER TABLE `kelompok_masyarakat_tanis`
  ADD PRIMARY KEY (`id`),
  ADD KEY `kelompok_masyarakat_tanis_desa_id_foreign` (`desa_id`);

--
-- Indeks untuk tabel `kesehatan_polis`
--
ALTER TABLE `kesehatan_polis`
  ADD PRIMARY KEY (`id`);

--
-- Indeks untuk tabel `komoditas_lahans`
--
ALTER TABLE `komoditas_lahans`
  ADD PRIMARY KEY (`id`);

--
-- Indeks untuk tabel `komoditas_pasars`
--
ALTER TABLE `komoditas_pasars`
  ADD PRIMARY KEY (`id`);

--
-- Indeks untuk tabel `komoditas_pasar_to_penjuals`
--
ALTER TABLE `komoditas_pasar_to_penjuals`
  ADD PRIMARY KEY (`id`),
  ADD KEY `komoditas_pasar_to_penjuals_penjual_id_foreign` (`penjual_id`),
  ADD KEY `komoditas_pasar_to_penjuals_komoditas_pasar_id_foreign` (`komoditas_pasar_id`);

--
-- Indeks untuk tabel `lahan_pertanians`
--
ALTER TABLE `lahan_pertanians`
  ADD PRIMARY KEY (`id`),
  ADD KEY `lahan_pertanians_desa_id_foreign` (`desa_id`),
  ADD KEY `lahan_pertanians_anggota_kelompok_masyarakat_tani_id_foreign` (`anggota_kelompok_masyarakat_tani_id`);

--
-- Indeks untuk tabel `lampiran_status_jalans`
--
ALTER TABLE `lampiran_status_jalans`
  ADD PRIMARY KEY (`id`),
  ADD KEY `lampiran_status_jalans_status_jalan_id_foreign` (`status_jalan_id`);

--
-- Indeks untuk tabel `lampiran_status_jembatans`
--
ALTER TABLE `lampiran_status_jembatans`
  ADD PRIMARY KEY (`id`),
  ADD KEY `lampiran_status_jembatans_status_jembatan_id_foreign` (`status_jembatan_id`);

--
-- Indeks untuk tabel `migrations`
--
ALTER TABLE `migrations`
  ADD PRIMARY KEY (`id`);

--
-- Indeks untuk tabel `murid_sekolahs`
--
ALTER TABLE `murid_sekolahs`
  ADD PRIMARY KEY (`id`),
  ADD KEY `murid_sekolahs_sekolah_id_foreign` (`sekolah_id`);

--
-- Indeks untuk tabel `panen_lahans`
--
ALTER TABLE `panen_lahans`
  ADD PRIMARY KEY (`id`),
  ADD KEY `panen_lahans_lahan_pertanian_id_foreign` (`lahan_pertanian_id`),
  ADD KEY `panen_lahans_komoditas_lahan_id_foreign` (`komoditas_lahan_id`);

--
-- Indeks untuk tabel `pasars`
--
ALTER TABLE `pasars`
  ADD PRIMARY KEY (`id`),
  ADD KEY `pasars_jenis_pasar_id_foreign` (`jenis_pasar_id`),
  ADD KEY `pasars_desa_id_foreign` (`desa_id`);

--
-- Indeks untuk tabel `pengunjung_wisatas`
--
ALTER TABLE `pengunjung_wisatas`
  ADD PRIMARY KEY (`id`),
  ADD KEY `pengunjung_wisatas_tempat_wisata_id_foreign` (`tempat_wisata_id`);

--
-- Indeks untuk tabel `penjuals`
--
ALTER TABLE `penjuals`
  ADD PRIMARY KEY (`id`),
  ADD KEY `penjuals_pasar_id_foreign` (`pasar_id`);

--
-- Indeks untuk tabel `personal_access_tokens`
--
ALTER TABLE `personal_access_tokens`
  ADD PRIMARY KEY (`id`),
  ADD UNIQUE KEY `personal_access_tokens_token_unique` (`token`),
  ADD KEY `personal_access_tokens_tokenable_type_tokenable_id_index` (`tokenable_type`,`tokenable_id`);

--
-- Indeks untuk tabel `poli_to_fasyankes`
--
ALTER TABLE `poli_to_fasyankes`
  ADD PRIMARY KEY (`id`),
  ADD KEY `poli_to_fasyankes_kesehatan_poli_id_foreign` (`kesehatan_poli_id`),
  ADD KEY `poli_to_fasyankes_fasyankes_id_foreign` (`fasyankes_id`);

--
-- Indeks untuk tabel `prestasi_sekolahs`
--
ALTER TABLE `prestasi_sekolahs`
  ADD PRIMARY KEY (`id`);

--
-- Indeks untuk tabel `sekolahs`
--
ALTER TABLE `sekolahs`
  ADD PRIMARY KEY (`id`),
  ADD KEY `sekolahs_jenis_sekolah_id_foreign` (`jenis_sekolah_id`);

--
-- Indeks untuk tabel `status_jalans`
--
ALTER TABLE `status_jalans`
  ADD PRIMARY KEY (`id`),
  ADD KEY `status_jalans_infrastruktur_jalan_id_foreign` (`infrastruktur_jalan_id`);

--
-- Indeks untuk tabel `status_jembatans`
--
ALTER TABLE `status_jembatans`
  ADD PRIMARY KEY (`id`),
  ADD KEY `status_jembatans_infrastruktur_jembatan_id_foreign` (`infrastruktur_jembatan_id`);

--
-- Indeks untuk tabel `tempat_wisatas`
--
ALTER TABLE `tempat_wisatas`
  ADD PRIMARY KEY (`id`);

--
-- Indeks untuk tabel `tenaga_kesehatans`
--
ALTER TABLE `tenaga_kesehatans`
  ADD PRIMARY KEY (`id`),
  ADD KEY `tenaga_kesehatans_fasyankes_id_foreign` (`fasyankes_id`),
  ADD KEY `tenaga_kesehatans_kesehatan_poli_id_foreign` (`kesehatan_poli_id`);

--
-- Indeks untuk tabel `users`
--
ALTER TABLE `users`
  ADD PRIMARY KEY (`id`);

--
-- AUTO_INCREMENT untuk tabel yang dibuang
--

--
-- AUTO_INCREMENT untuk tabel `anggota_kelompok_masyarakat_tanis`
--
ALTER TABLE `anggota_kelompok_masyarakat_tanis`
  MODIFY `id` bigint(20) UNSIGNED NOT NULL AUTO_INCREMENT;

--
-- AUTO_INCREMENT untuk tabel `desas`
--
ALTER TABLE `desas`
  MODIFY `id` bigint(20) UNSIGNED NOT NULL AUTO_INCREMENT, AUTO_INCREMENT=308;

--
-- AUTO_INCREMENT untuk tabel `desa_to_jalans`
--
ALTER TABLE `desa_to_jalans`
  MODIFY `id` bigint(20) UNSIGNED NOT NULL AUTO_INCREMENT;

--
-- AUTO_INCREMENT untuk tabel `desa_to_jembatans`
--
ALTER TABLE `desa_to_jembatans`
  MODIFY `id` bigint(20) UNSIGNED NOT NULL AUTO_INCREMENT;

--
-- AUTO_INCREMENT untuk tabel `desa_to_sekolahs`
--
ALTER TABLE `desa_to_sekolahs`
  MODIFY `id` bigint(20) UNSIGNED NOT NULL AUTO_INCREMENT;

--
-- AUTO_INCREMENT untuk tabel `desa_to_wisatas`
--
ALTER TABLE `desa_to_wisatas`
  MODIFY `id` bigint(20) UNSIGNED NOT NULL AUTO_INCREMENT;

--
-- AUTO_INCREMENT untuk tabel `fasyankes`
--
ALTER TABLE `fasyankes`
  MODIFY `id` bigint(20) UNSIGNED NOT NULL AUTO_INCREMENT;

--
-- AUTO_INCREMENT untuk tabel `foto_sekolahs`
--
ALTER TABLE `foto_sekolahs`
  MODIFY `id` bigint(20) UNSIGNED NOT NULL AUTO_INCREMENT;

--
-- AUTO_INCREMENT untuk tabel `foto_wisatas`
--
ALTER TABLE `foto_wisatas`
  MODIFY `id` bigint(20) UNSIGNED NOT NULL AUTO_INCREMENT;

--
-- AUTO_INCREMENT untuk tabel `guru_sekolahs`
--
ALTER TABLE `guru_sekolahs`
  MODIFY `id` bigint(20) UNSIGNED NOT NULL AUTO_INCREMENT;

--
-- AUTO_INCREMENT untuk tabel `infrastruktur_jalans`
--
ALTER TABLE `infrastruktur_jalans`
  MODIFY `id` bigint(20) UNSIGNED NOT NULL AUTO_INCREMENT, AUTO_INCREMENT=316;

--
-- AUTO_INCREMENT untuk tabel `infrastruktur_jembatans`
--
ALTER TABLE `infrastruktur_jembatans`
  MODIFY `id` bigint(20) UNSIGNED NOT NULL AUTO_INCREMENT;

--
-- AUTO_INCREMENT untuk tabel `jenis_fasyankes`
--
ALTER TABLE `jenis_fasyankes`
  MODIFY `id` bigint(20) UNSIGNED NOT NULL AUTO_INCREMENT, AUTO_INCREMENT=7;

--
-- AUTO_INCREMENT untuk tabel `jenis_lahans`
--
ALTER TABLE `jenis_lahans`
  MODIFY `id` bigint(20) UNSIGNED NOT NULL AUTO_INCREMENT, AUTO_INCREMENT=6;

--
-- AUTO_INCREMENT untuk tabel `jenis_pasars`
--
ALTER TABLE `jenis_pasars`
  MODIFY `id` bigint(20) UNSIGNED NOT NULL AUTO_INCREMENT, AUTO_INCREMENT=7;

--
-- AUTO_INCREMENT untuk tabel `jenis_sekolahs`
--
ALTER TABLE `jenis_sekolahs`
  MODIFY `id` bigint(20) UNSIGNED NOT NULL AUTO_INCREMENT, AUTO_INCREMENT=19;

--
-- AUTO_INCREMENT untuk tabel `kecamatans`
--
ALTER TABLE `kecamatans`
  MODIFY `id` bigint(20) UNSIGNED NOT NULL AUTO_INCREMENT, AUTO_INCREMENT=22;

--
-- AUTO_INCREMENT untuk tabel `kecamatan_to_jalans`
--
ALTER TABLE `kecamatan_to_jalans`
  MODIFY `id` bigint(20) UNSIGNED NOT NULL AUTO_INCREMENT, AUTO_INCREMENT=352;

--
-- AUTO_INCREMENT untuk tabel `kecamatan_to_jembatans`
--
ALTER TABLE `kecamatan_to_jembatans`
  MODIFY `id` bigint(20) UNSIGNED NOT NULL AUTO_INCREMENT;

--
-- AUTO_INCREMENT untuk tabel `kelompok_masyarakat_tanis`
--
ALTER TABLE `kelompok_masyarakat_tanis`
  MODIFY `id` bigint(20) UNSIGNED NOT NULL AUTO_INCREMENT;

--
-- AUTO_INCREMENT untuk tabel `kesehatan_polis`
--
ALTER TABLE `kesehatan_polis`
  MODIFY `id` bigint(20) UNSIGNED NOT NULL AUTO_INCREMENT, AUTO_INCREMENT=5;

--
-- AUTO_INCREMENT untuk tabel `komoditas_lahans`
--
ALTER TABLE `komoditas_lahans`
  MODIFY `id` bigint(20) UNSIGNED NOT NULL AUTO_INCREMENT;

--
-- AUTO_INCREMENT untuk tabel `komoditas_pasars`
--
ALTER TABLE `komoditas_pasars`
  MODIFY `id` bigint(20) UNSIGNED NOT NULL AUTO_INCREMENT;

--
-- AUTO_INCREMENT untuk tabel `komoditas_pasar_to_penjuals`
--
ALTER TABLE `komoditas_pasar_to_penjuals`
  MODIFY `id` bigint(20) UNSIGNED NOT NULL AUTO_INCREMENT;

--
-- AUTO_INCREMENT untuk tabel `lahan_pertanians`
--
ALTER TABLE `lahan_pertanians`
  MODIFY `id` bigint(20) UNSIGNED NOT NULL AUTO_INCREMENT;

--
-- AUTO_INCREMENT untuk tabel `lampiran_status_jalans`
--
ALTER TABLE `lampiran_status_jalans`
  MODIFY `id` bigint(20) UNSIGNED NOT NULL AUTO_INCREMENT;

--
-- AUTO_INCREMENT untuk tabel `lampiran_status_jembatans`
--
ALTER TABLE `lampiran_status_jembatans`
  MODIFY `id` bigint(20) UNSIGNED NOT NULL AUTO_INCREMENT;

--
-- AUTO_INCREMENT untuk tabel `migrations`
--
ALTER TABLE `migrations`
  MODIFY `id` int(10) UNSIGNED NOT NULL AUTO_INCREMENT, AUTO_INCREMENT=625;

--
-- AUTO_INCREMENT untuk tabel `murid_sekolahs`
--
ALTER TABLE `murid_sekolahs`
  MODIFY `id` bigint(20) UNSIGNED NOT NULL AUTO_INCREMENT;

--
-- AUTO_INCREMENT untuk tabel `panen_lahans`
--
ALTER TABLE `panen_lahans`
  MODIFY `id` bigint(20) UNSIGNED NOT NULL AUTO_INCREMENT;

--
-- AUTO_INCREMENT untuk tabel `pasars`
--
ALTER TABLE `pasars`
  MODIFY `id` bigint(20) UNSIGNED NOT NULL AUTO_INCREMENT;

--
-- AUTO_INCREMENT untuk tabel `pengunjung_wisatas`
--
ALTER TABLE `pengunjung_wisatas`
  MODIFY `id` bigint(20) UNSIGNED NOT NULL AUTO_INCREMENT;

--
-- AUTO_INCREMENT untuk tabel `penjuals`
--
ALTER TABLE `penjuals`
  MODIFY `id` bigint(20) UNSIGNED NOT NULL AUTO_INCREMENT;

--
-- AUTO_INCREMENT untuk tabel `personal_access_tokens`
--
ALTER TABLE `personal_access_tokens`
  MODIFY `id` bigint(20) UNSIGNED NOT NULL AUTO_INCREMENT;

--
-- AUTO_INCREMENT untuk tabel `poli_to_fasyankes`
--
ALTER TABLE `poli_to_fasyankes`
  MODIFY `id` bigint(20) UNSIGNED NOT NULL AUTO_INCREMENT;

--
-- AUTO_INCREMENT untuk tabel `prestasi_sekolahs`
--
ALTER TABLE `prestasi_sekolahs`
  MODIFY `id` bigint(20) UNSIGNED NOT NULL AUTO_INCREMENT;

--
-- AUTO_INCREMENT untuk tabel `sekolahs`
--
ALTER TABLE `sekolahs`
  MODIFY `id` bigint(20) UNSIGNED NOT NULL AUTO_INCREMENT;

--
-- AUTO_INCREMENT untuk tabel `status_jalans`
--
ALTER TABLE `status_jalans`
  MODIFY `id` bigint(20) UNSIGNED NOT NULL AUTO_INCREMENT, AUTO_INCREMENT=316;

--
-- AUTO_INCREMENT untuk tabel `status_jembatans`
--
ALTER TABLE `status_jembatans`
  MODIFY `id` bigint(20) UNSIGNED NOT NULL AUTO_INCREMENT;

--
-- AUTO_INCREMENT untuk tabel `tempat_wisatas`
--
ALTER TABLE `tempat_wisatas`
  MODIFY `id` bigint(20) UNSIGNED NOT NULL AUTO_INCREMENT;

--
-- AUTO_INCREMENT untuk tabel `tenaga_kesehatans`
--
ALTER TABLE `tenaga_kesehatans`
  MODIFY `id` bigint(20) UNSIGNED NOT NULL AUTO_INCREMENT;

--
-- AUTO_INCREMENT untuk tabel `users`
--
ALTER TABLE `users`
  MODIFY `id` bigint(20) UNSIGNED NOT NULL AUTO_INCREMENT, AUTO_INCREMENT=2;

--
-- Ketidakleluasaan untuk tabel pelimpahan (Dumped Tables)
--

--
-- Ketidakleluasaan untuk tabel `anggota_kelompok_masyarakat_tanis`
--
ALTER TABLE `anggota_kelompok_masyarakat_tanis`
  ADD CONSTRAINT `anggota_kelompok_masyarakat_tanis_kmt_id_foreign` FOREIGN KEY (`kmt_id`) REFERENCES `kelompok_masyarakat_tanis` (`id`);

--
-- Ketidakleluasaan untuk tabel `desas`
--
ALTER TABLE `desas`
  ADD CONSTRAINT `desas_kecamatan_id_foreign` FOREIGN KEY (`kecamatan_id`) REFERENCES `kecamatans` (`id`);

--
-- Ketidakleluasaan untuk tabel `desa_to_jalans`
--
ALTER TABLE `desa_to_jalans`
  ADD CONSTRAINT `desa_to_jalans_desa_id_foreign` FOREIGN KEY (`desa_id`) REFERENCES `desas` (`id`);

--
-- Ketidakleluasaan untuk tabel `desa_to_jembatans`
--
ALTER TABLE `desa_to_jembatans`
  ADD CONSTRAINT `desa_to_jembatans_desa_id_foreign` FOREIGN KEY (`desa_id`) REFERENCES `desas` (`id`);

--
-- Ketidakleluasaan untuk tabel `desa_to_sekolahs`
--
ALTER TABLE `desa_to_sekolahs`
  ADD CONSTRAINT `desa_to_sekolahs_desa_id_foreign` FOREIGN KEY (`desa_id`) REFERENCES `desas` (`id`),
  ADD CONSTRAINT `desa_to_sekolahs_sekolah_id_foreign` FOREIGN KEY (`sekolah_id`) REFERENCES `sekolahs` (`id`);

--
-- Ketidakleluasaan untuk tabel `desa_to_wisatas`
--
ALTER TABLE `desa_to_wisatas`
  ADD CONSTRAINT `desa_to_wisatas_desa_id_foreign` FOREIGN KEY (`desa_id`) REFERENCES `desas` (`id`),
  ADD CONSTRAINT `desa_to_wisatas_tempat_wisata_id_foreign` FOREIGN KEY (`tempat_wisata_id`) REFERENCES `tempat_wisatas` (`id`);

--
-- Ketidakleluasaan untuk tabel `fasyankes`
--
ALTER TABLE `fasyankes`
  ADD CONSTRAINT `fasyankes_desa_id_foreign` FOREIGN KEY (`desa_id`) REFERENCES `desas` (`id`),
  ADD CONSTRAINT `fasyankes_jenis_fasyankes_id_foreign` FOREIGN KEY (`jenis_fasyankes_id`) REFERENCES `jenis_fasyankes` (`id`);

--
-- Ketidakleluasaan untuk tabel `foto_sekolahs`
--
ALTER TABLE `foto_sekolahs`
  ADD CONSTRAINT `foto_sekolahs_sekolah_id_foreign` FOREIGN KEY (`sekolah_id`) REFERENCES `sekolahs` (`id`);

--
-- Ketidakleluasaan untuk tabel `foto_wisatas`
--
ALTER TABLE `foto_wisatas`
  ADD CONSTRAINT `foto_wisatas_tempat_wisata_id_foreign` FOREIGN KEY (`tempat_wisata_id`) REFERENCES `tempat_wisatas` (`id`);

--
-- Ketidakleluasaan untuk tabel `guru_sekolahs`
--
ALTER TABLE `guru_sekolahs`
  ADD CONSTRAINT `guru_sekolahs_sekolah_id_foreign` FOREIGN KEY (`sekolah_id`) REFERENCES `sekolahs` (`id`);

--
-- Ketidakleluasaan untuk tabel `kecamatan_to_jalans`
--
ALTER TABLE `kecamatan_to_jalans`
  ADD CONSTRAINT `kecamatan_to_jalans_kecamatan_id_foreign` FOREIGN KEY (`kecamatan_id`) REFERENCES `kecamatans` (`id`);

--
-- Ketidakleluasaan untuk tabel `kecamatan_to_jembatans`
--
ALTER TABLE `kecamatan_to_jembatans`
  ADD CONSTRAINT `kecamatan_to_jembatans_kecamatan_id_foreign` FOREIGN KEY (`kecamatan_id`) REFERENCES `kecamatans` (`id`);

--
-- Ketidakleluasaan untuk tabel `kelompok_masyarakat_tanis`
--
ALTER TABLE `kelompok_masyarakat_tanis`
  ADD CONSTRAINT `kelompok_masyarakat_tanis_desa_id_foreign` FOREIGN KEY (`desa_id`) REFERENCES `desas` (`id`);

--
-- Ketidakleluasaan untuk tabel `komoditas_pasar_to_penjuals`
--
ALTER TABLE `komoditas_pasar_to_penjuals`
  ADD CONSTRAINT `komoditas_pasar_to_penjuals_komoditas_pasar_id_foreign` FOREIGN KEY (`komoditas_pasar_id`) REFERENCES `komoditas_pasars` (`id`),
  ADD CONSTRAINT `komoditas_pasar_to_penjuals_penjual_id_foreign` FOREIGN KEY (`penjual_id`) REFERENCES `penjuals` (`id`);

--
-- Ketidakleluasaan untuk tabel `lahan_pertanians`
--
ALTER TABLE `lahan_pertanians`
  ADD CONSTRAINT `lahan_pertanians_anggota_kelompok_masyarakat_tani_id_foreign` FOREIGN KEY (`anggota_kelompok_masyarakat_tani_id`) REFERENCES `anggota_kelompok_masyarakat_tanis` (`id`),
  ADD CONSTRAINT `lahan_pertanians_desa_id_foreign` FOREIGN KEY (`desa_id`) REFERENCES `desas` (`id`);

--
-- Ketidakleluasaan untuk tabel `lampiran_status_jalans`
--
ALTER TABLE `lampiran_status_jalans`
  ADD CONSTRAINT `lampiran_status_jalans_status_jalan_id_foreign` FOREIGN KEY (`status_jalan_id`) REFERENCES `status_jalans` (`id`);

--
-- Ketidakleluasaan untuk tabel `lampiran_status_jembatans`
--
ALTER TABLE `lampiran_status_jembatans`
  ADD CONSTRAINT `lampiran_status_jembatans_status_jembatan_id_foreign` FOREIGN KEY (`status_jembatan_id`) REFERENCES `status_jembatans` (`id`);

--
-- Ketidakleluasaan untuk tabel `murid_sekolahs`
--
ALTER TABLE `murid_sekolahs`
  ADD CONSTRAINT `murid_sekolahs_sekolah_id_foreign` FOREIGN KEY (`sekolah_id`) REFERENCES `sekolahs` (`id`);

--
-- Ketidakleluasaan untuk tabel `panen_lahans`
--
ALTER TABLE `panen_lahans`
  ADD CONSTRAINT `panen_lahans_komoditas_lahan_id_foreign` FOREIGN KEY (`komoditas_lahan_id`) REFERENCES `komoditas_lahans` (`id`),
  ADD CONSTRAINT `panen_lahans_lahan_pertanian_id_foreign` FOREIGN KEY (`lahan_pertanian_id`) REFERENCES `lahan_pertanians` (`id`);

--
-- Ketidakleluasaan untuk tabel `pasars`
--
ALTER TABLE `pasars`
  ADD CONSTRAINT `pasars_desa_id_foreign` FOREIGN KEY (`desa_id`) REFERENCES `desas` (`id`),
  ADD CONSTRAINT `pasars_jenis_pasar_id_foreign` FOREIGN KEY (`jenis_pasar_id`) REFERENCES `jenis_pasars` (`id`);

--
-- Ketidakleluasaan untuk tabel `pengunjung_wisatas`
--
ALTER TABLE `pengunjung_wisatas`
  ADD CONSTRAINT `pengunjung_wisatas_tempat_wisata_id_foreign` FOREIGN KEY (`tempat_wisata_id`) REFERENCES `tempat_wisatas` (`id`);

--
-- Ketidakleluasaan untuk tabel `penjuals`
--
ALTER TABLE `penjuals`
  ADD CONSTRAINT `penjuals_pasar_id_foreign` FOREIGN KEY (`pasar_id`) REFERENCES `pasars` (`id`);

--
-- Ketidakleluasaan untuk tabel `poli_to_fasyankes`
--
ALTER TABLE `poli_to_fasyankes`
  ADD CONSTRAINT `poli_to_fasyankes_fasyankes_id_foreign` FOREIGN KEY (`fasyankes_id`) REFERENCES `fasyankes` (`id`),
  ADD CONSTRAINT `poli_to_fasyankes_kesehatan_poli_id_foreign` FOREIGN KEY (`kesehatan_poli_id`) REFERENCES `kesehatan_polis` (`id`);

--
-- Ketidakleluasaan untuk tabel `sekolahs`
--
ALTER TABLE `sekolahs`
  ADD CONSTRAINT `sekolahs_jenis_sekolah_id_foreign` FOREIGN KEY (`jenis_sekolah_id`) REFERENCES `jenis_sekolahs` (`id`);

--
-- Ketidakleluasaan untuk tabel `status_jalans`
--
ALTER TABLE `status_jalans`
  ADD CONSTRAINT `status_jalans_infrastruktur_jalan_id_foreign` FOREIGN KEY (`infrastruktur_jalan_id`) REFERENCES `infrastruktur_jalans` (`id`);

--
-- Ketidakleluasaan untuk tabel `status_jembatans`
--
ALTER TABLE `status_jembatans`
  ADD CONSTRAINT `status_jembatans_infrastruktur_jembatan_id_foreign` FOREIGN KEY (`infrastruktur_jembatan_id`) REFERENCES `infrastruktur_jembatans` (`id`);

--
-- Ketidakleluasaan untuk tabel `tenaga_kesehatans`
--
ALTER TABLE `tenaga_kesehatans`
  ADD CONSTRAINT `tenaga_kesehatans_fasyankes_id_foreign` FOREIGN KEY (`fasyankes_id`) REFERENCES `fasyankes` (`id`),
  ADD CONSTRAINT `tenaga_kesehatans_kesehatan_poli_id_foreign` FOREIGN KEY (`kesehatan_poli_id`) REFERENCES `kesehatan_polis` (`id`);
COMMIT;

/*!40101 SET CHARACTER_SET_CLIENT=@OLD_CHARACTER_SET_CLIENT */;
/*!40101 SET CHARACTER_SET_RESULTS=@OLD_CHARACTER_SET_RESULTS */;
/*!40101 SET COLLATION_CONNECTION=@OLD_COLLATION_CONNECTION */;
